2026-02-14 16:42:21,495 p=53809 u=lzy n=ansible | PLAY [all] *****************************************************************************************************************************************************
2026-02-14 16:42:21,505 p=53809 u=lzy n=ansible | TASK [Gathering Facts] *****************************************************************************************************************************************
2026-02-14 16:42:33,421 p=53809 u=lzy n=ansible | [WARNING]: Platform linux on host master1 is using the discovered Python interpreter at /usr/bin/python3.12, but future installation of another Python
interpreter could change the meaning of that path. See https://docs.ansible.com/ansible-core/2.17/reference_appendices/interpreter_discovery.html for more
information.

2026-02-14 16:42:33,422 p=53809 u=lzy n=ansible | ok: [master1]
2026-02-14 16:42:53,585 p=53809 u=lzy n=ansible | [WARNING]: Platform linux on host worker1 is using the discovered Python interpreter at /usr/bin/python3.12, but future installation of another Python
interpreter could change the meaning of that path. See https://docs.ansible.com/ansible-core/2.17/reference_appendices/interpreter_discovery.html for more
information.

2026-02-14 16:42:53,585 p=53809 u=lzy n=ansible | ok: [worker1]
2026-02-14 16:42:58,416 p=53809 u=lzy n=ansible | [WARNING]: Platform linux on host master2 is using the discovered Python interpreter at /usr/bin/python3.12, but future installation of another Python
interpreter could change the meaning of that path. See https://docs.ansible.com/ansible-core/2.17/reference_appendices/interpreter_discovery.html for more
information.

2026-02-14 16:42:58,416 p=53809 u=lzy n=ansible | ok: [master2]
2026-02-14 16:43:03,644 p=53809 u=lzy n=ansible | [WARNING]: Platform linux on host master3 is using the discovered Python interpreter at /usr/bin/python3.12, but future installation of another Python
interpreter could change the meaning of that path. See https://docs.ansible.com/ansible-core/2.17/reference_appendices/interpreter_discovery.html for more
information.

2026-02-14 16:43:03,644 p=53809 u=lzy n=ansible | ok: [master3]
2026-02-14 16:43:11,023 p=53809 u=lzy n=ansible | [WARNING]: Platform linux on host worker3 is using the discovered Python interpreter at /usr/bin/python3.12, but future installation of another Python
interpreter could change the meaning of that path. See https://docs.ansible.com/ansible-core/2.17/reference_appendices/interpreter_discovery.html for more
information.

2026-02-14 16:43:11,023 p=53809 u=lzy n=ansible | ok: [worker3]
2026-02-14 16:43:32,155 p=53809 u=lzy n=ansible | [WARNING]: Platform linux on host worker2 is using the discovered Python interpreter at /usr/bin/python3.12, but future installation of another Python
interpreter could change the meaning of that path. See https://docs.ansible.com/ansible-core/2.17/reference_appendices/interpreter_discovery.html for more
information.

2026-02-14 16:43:32,155 p=53809 u=lzy n=ansible | ok: [worker2]
2026-02-14 16:43:32,159 p=53809 u=lzy n=ansible | TASK [common : Disable swap immediately] ***********************************************************************************************************************
2026-02-14 16:43:32,182 p=53809 u=lzy n=ansible | skipping: [master1]
2026-02-14 16:43:32,190 p=53809 u=lzy n=ansible | skipping: [master2]
2026-02-14 16:43:32,198 p=53809 u=lzy n=ansible | skipping: [master3]
2026-02-14 16:43:32,206 p=53809 u=lzy n=ansible | skipping: [worker1]
2026-02-14 16:43:32,206 p=53809 u=lzy n=ansible | skipping: [worker2]
2026-02-14 16:43:32,212 p=53809 u=lzy n=ansible | skipping: [worker3]
2026-02-14 16:43:32,216 p=53809 u=lzy n=ansible | TASK [common : Remove swap from /etc/fstab] ********************************************************************************************************************
2026-02-14 16:43:38,032 p=53809 u=lzy n=ansible | ok: [master1]
2026-02-14 16:43:38,283 p=53809 u=lzy n=ansible | ok: [worker2]
2026-02-14 16:43:39,551 p=53809 u=lzy n=ansible | ok: [worker1]
2026-02-14 16:43:39,732 p=53809 u=lzy n=ansible | ok: [master3]
2026-02-14 16:43:40,744 p=53809 u=lzy n=ansible | ok: [master2]
2026-02-14 16:43:46,389 p=53809 u=lzy n=ansible | ok: [worker3]
2026-02-14 16:43:46,398 p=53809 u=lzy n=ansible | TASK [common : Load kernel modules for containerd] *************************************************************************************************************
2026-02-14 16:43:52,226 p=53809 u=lzy n=ansible | changed: [master1]
2026-02-14 16:43:52,487 p=53809 u=lzy n=ansible | changed: [worker2]
2026-02-14 16:43:53,178 p=53809 u=lzy n=ansible | changed: [master2]
2026-02-14 16:43:53,231 p=53809 u=lzy n=ansible | changed: [worker1]
2026-02-14 16:43:53,455 p=53809 u=lzy n=ansible | changed: [master3]
2026-02-14 16:43:59,209 p=53809 u=lzy n=ansible | changed: [worker3]
2026-02-14 16:43:59,215 p=53809 u=lzy n=ansible | TASK [common : Modprobe kernel modules] ************************************************************************************************************************
2026-02-14 16:44:05,089 p=53809 u=lzy n=ansible | changed: [master1] => (item=overlay)
2026-02-14 16:44:05,364 p=53809 u=lzy n=ansible | changed: [worker2] => (item=overlay)
2026-02-14 16:44:05,480 p=53809 u=lzy n=ansible | changed: [master2] => (item=overlay)
2026-02-14 16:44:05,771 p=53809 u=lzy n=ansible | changed: [master3] => (item=overlay)
2026-02-14 16:44:05,834 p=53809 u=lzy n=ansible | changed: [worker1] => (item=overlay)
2026-02-14 16:44:10,618 p=53809 u=lzy n=ansible | changed: [master1] => (item=br_netfilter)
2026-02-14 16:44:11,173 p=53809 u=lzy n=ansible | changed: [worker2] => (item=br_netfilter)
2026-02-14 16:44:11,454 p=53809 u=lzy n=ansible | changed: [master2] => (item=br_netfilter)
2026-02-14 16:44:12,014 p=53809 u=lzy n=ansible | changed: [master3] => (item=br_netfilter)
2026-02-14 16:44:12,183 p=53809 u=lzy n=ansible | changed: [worker1] => (item=br_netfilter)
2026-02-14 16:44:17,678 p=53809 u=lzy n=ansible | changed: [worker3] => (item=overlay)
2026-02-14 16:44:24,725 p=53809 u=lzy n=ansible | changed: [worker3] => (item=br_netfilter)
2026-02-14 16:44:24,731 p=53809 u=lzy n=ansible | TASK [common : Configure sysctl params for Kubernetes] *********************************************************************************************************
2026-02-14 16:44:30,570 p=53809 u=lzy n=ansible | changed: [master1] => (item={'key': 'net.bridge.bridge-nf-call-iptables', 'value': '1'})
2026-02-14 16:44:30,736 p=53809 u=lzy n=ansible | changed: [master2] => (item={'key': 'net.bridge.bridge-nf-call-iptables', 'value': '1'})
2026-02-14 16:44:30,841 p=53809 u=lzy n=ansible | changed: [worker2] => (item={'key': 'net.bridge.bridge-nf-call-iptables', 'value': '1'})
2026-02-14 16:44:30,992 p=53809 u=lzy n=ansible | changed: [master3] => (item={'key': 'net.bridge.bridge-nf-call-iptables', 'value': '1'})
2026-02-14 16:44:31,049 p=53809 u=lzy n=ansible | changed: [worker1] => (item={'key': 'net.bridge.bridge-nf-call-iptables', 'value': '1'})
2026-02-14 16:44:36,131 p=53809 u=lzy n=ansible | changed: [master1] => (item={'key': 'net.ipv4.ip_forward', 'value': '1'})
2026-02-14 16:44:36,485 p=53809 u=lzy n=ansible | changed: [master2] => (item={'key': 'net.ipv4.ip_forward', 'value': '1'})
2026-02-14 16:44:36,659 p=53809 u=lzy n=ansible | changed: [worker2] => (item={'key': 'net.ipv4.ip_forward', 'value': '1'})
2026-02-14 16:44:37,018 p=53809 u=lzy n=ansible | changed: [master3] => (item={'key': 'net.ipv4.ip_forward', 'value': '1'})
2026-02-14 16:44:37,096 p=53809 u=lzy n=ansible | changed: [worker1] => (item={'key': 'net.ipv4.ip_forward', 'value': '1'})
2026-02-14 16:44:42,169 p=53809 u=lzy n=ansible | changed: [master2] => (item={'key': 'net.bridge.bridge-nf-call-ip6tables', 'value': '1'})
2026-02-14 16:44:42,401 p=53809 u=lzy n=ansible | changed: [master1] => (item={'key': 'net.bridge.bridge-nf-call-ip6tables', 'value': '1'})
2026-02-14 16:44:42,437 p=53809 u=lzy n=ansible | changed: [worker2] => (item={'key': 'net.bridge.bridge-nf-call-ip6tables', 'value': '1'})
2026-02-14 16:44:42,704 p=53809 u=lzy n=ansible | changed: [master3] => (item={'key': 'net.bridge.bridge-nf-call-ip6tables', 'value': '1'})
2026-02-14 16:44:42,862 p=53809 u=lzy n=ansible | changed: [worker1] => (item={'key': 'net.bridge.bridge-nf-call-ip6tables', 'value': '1'})
2026-02-14 16:44:49,183 p=53809 u=lzy n=ansible | changed: [worker3] => (item={'key': 'net.bridge.bridge-nf-call-iptables', 'value': '1'})
2026-02-14 16:44:55,946 p=53809 u=lzy n=ansible | changed: [worker3] => (item={'key': 'net.ipv4.ip_forward', 'value': '1'})
2026-02-14 16:45:03,685 p=53809 u=lzy n=ansible | changed: [worker3] => (item={'key': 'net.bridge.bridge-nf-call-ip6tables', 'value': '1'})
2026-02-14 16:45:03,690 p=53809 u=lzy n=ansible | TASK [common : Install dependencies (Debian/Ubuntu)] ***********************************************************************************************************
2026-02-14 16:45:28,932 p=53809 u=lzy n=ansible | changed: [master1]
2026-02-14 16:45:29,336 p=53809 u=lzy n=ansible | changed: [worker1]
2026-02-14 16:45:29,486 p=53809 u=lzy n=ansible | changed: [master2]
2026-02-14 16:45:29,998 p=53809 u=lzy n=ansible | changed: [master3]
2026-02-14 16:45:30,097 p=53809 u=lzy n=ansible | changed: [worker2]
2026-02-14 16:45:55,404 p=53809 u=lzy n=ansible | changed: [worker3]
2026-02-14 16:45:55,410 p=53809 u=lzy n=ansible | TASK [common : Install dependencies (RHEL/CentOS)] *************************************************************************************************************
2026-02-14 16:45:55,421 p=53809 u=lzy n=ansible | skipping: [master1]
2026-02-14 16:45:55,437 p=53809 u=lzy n=ansible | skipping: [master2]
2026-02-14 16:45:55,450 p=53809 u=lzy n=ansible | skipping: [master3]
2026-02-14 16:45:55,459 p=53809 u=lzy n=ansible | skipping: [worker1]
2026-02-14 16:45:55,460 p=53809 u=lzy n=ansible | skipping: [worker2]
2026-02-14 16:45:55,466 p=53809 u=lzy n=ansible | skipping: [worker3]
2026-02-14 16:45:55,499 p=53809 u=lzy n=ansible | TASK [container_runtime : Add Docker GPG key] ******************************************************************************************************************
2026-02-14 16:46:02,344 p=53809 u=lzy n=ansible | changed: [master1]
2026-02-14 16:46:02,559 p=53809 u=lzy n=ansible | changed: [worker1]
2026-02-14 16:46:02,697 p=53809 u=lzy n=ansible | changed: [master2]
2026-02-14 16:46:03,083 p=53809 u=lzy n=ansible | changed: [master3]
2026-02-14 16:46:03,406 p=53809 u=lzy n=ansible | changed: [worker2]
2026-02-14 16:46:09,611 p=53809 u=lzy n=ansible | changed: [worker3]
2026-02-14 16:46:09,615 p=53809 u=lzy n=ansible | TASK [container_runtime : Add Docker Repository] ***************************************************************************************************************
2026-02-14 16:46:21,506 p=53809 u=lzy n=ansible | changed: [master2]
2026-02-14 16:46:21,516 p=53809 u=lzy n=ansible | changed: [worker1]
2026-02-14 16:46:21,794 p=53809 u=lzy n=ansible | changed: [master3]
2026-02-14 16:46:21,810 p=53809 u=lzy n=ansible | changed: [worker2]
2026-02-14 16:46:22,503 p=53809 u=lzy n=ansible | changed: [master1]
2026-02-14 16:46:33,747 p=53809 u=lzy n=ansible | changed: [worker3]
2026-02-14 16:46:33,751 p=53809 u=lzy n=ansible | TASK [container_runtime : Add Docker Repository] ***************************************************************************************************************
2026-02-14 16:46:33,762 p=53809 u=lzy n=ansible | skipping: [master1]
2026-02-14 16:46:33,769 p=53809 u=lzy n=ansible | skipping: [master2]
2026-02-14 16:46:33,778 p=53809 u=lzy n=ansible | skipping: [master3]
2026-02-14 16:46:33,796 p=53809 u=lzy n=ansible | skipping: [worker1]
2026-02-14 16:46:33,797 p=53809 u=lzy n=ansible | skipping: [worker2]
2026-02-14 16:46:33,800 p=53809 u=lzy n=ansible | skipping: [worker3]
2026-02-14 16:46:33,804 p=53809 u=lzy n=ansible | TASK [container_runtime : Install containerd] ******************************************************************************************************************
2026-02-14 16:46:49,973 p=53809 u=lzy n=ansible | changed: [worker1]
2026-02-14 16:46:50,125 p=53809 u=lzy n=ansible | changed: [master2]
2026-02-14 16:46:50,433 p=53809 u=lzy n=ansible | changed: [worker2]
2026-02-14 16:46:50,597 p=53809 u=lzy n=ansible | changed: [master3]
2026-02-14 16:46:50,657 p=53809 u=lzy n=ansible | changed: [master1]
2026-02-14 16:47:08,149 p=53809 u=lzy n=ansible | changed: [worker3]
2026-02-14 16:47:08,152 p=53809 u=lzy n=ansible | TASK [container_runtime : Create containerd config directory] **************************************************************************************************
2026-02-14 16:47:14,137 p=53809 u=lzy n=ansible | ok: [master2]
2026-02-14 16:47:14,138 p=53809 u=lzy n=ansible | ok: [master3]
2026-02-14 16:47:14,222 p=53809 u=lzy n=ansible | ok: [worker1]
2026-02-14 16:47:14,241 p=53809 u=lzy n=ansible | ok: [worker2]
2026-02-14 16:47:14,474 p=53809 u=lzy n=ansible | ok: [master1]
2026-02-14 16:47:20,416 p=53809 u=lzy n=ansible | ok: [worker3]
2026-02-14 16:47:20,420 p=53809 u=lzy n=ansible | TASK [container_runtime : Generate default containerd config] **************************************************************************************************
2026-02-14 16:47:26,412 p=53809 u=lzy n=ansible | ok: [master2]
2026-02-14 16:47:26,422 p=53809 u=lzy n=ansible | ok: [master3]
2026-02-14 16:47:26,520 p=53809 u=lzy n=ansible | ok: [worker1]
2026-02-14 16:47:26,537 p=53809 u=lzy n=ansible | ok: [worker2]
2026-02-14 16:47:26,549 p=53809 u=lzy n=ansible | ok: [master1]
2026-02-14 16:47:32,634 p=53809 u=lzy n=ansible | ok: [worker3]
2026-02-14 16:47:32,638 p=53809 u=lzy n=ansible | TASK [container_runtime : Configure SystemdCgroup in config.toml] **********************************************************************************************
2026-02-14 16:47:38,429 p=53809 u=lzy n=ansible | ok: [master1]
2026-02-14 16:47:38,593 p=53809 u=lzy n=ansible | ok: [master3]
2026-02-14 16:47:38,594 p=53809 u=lzy n=ansible | ok: [master2]
2026-02-14 16:47:38,700 p=53809 u=lzy n=ansible | ok: [worker1]
2026-02-14 16:47:38,715 p=53809 u=lzy n=ansible | ok: [worker2]
2026-02-14 16:47:44,672 p=53809 u=lzy n=ansible | ok: [worker3]
2026-02-14 16:47:44,679 p=53809 u=lzy n=ansible | TASK [container_runtime : Ensure containerd is started and enabled] ********************************************************************************************
2026-02-14 16:47:51,517 p=53809 u=lzy n=ansible | ok: [master1]
2026-02-14 16:47:51,674 p=53809 u=lzy n=ansible | ok: [master2]
2026-02-14 16:47:51,710 p=53809 u=lzy n=ansible | ok: [master3]
2026-02-14 16:47:51,765 p=53809 u=lzy n=ansible | ok: [worker1]
2026-02-14 16:47:51,814 p=53809 u=lzy n=ansible | ok: [worker2]
2026-02-14 16:47:58,711 p=53809 u=lzy n=ansible | ok: [worker3]
2026-02-14 16:47:58,739 p=53809 u=lzy n=ansible | TASK [kubernetes : Add Google Cloud public signing key] ********************************************************************************************************
2026-02-14 16:48:05,518 p=53809 u=lzy n=ansible | changed: [master1]
2026-02-14 16:48:05,711 p=53809 u=lzy n=ansible | changed: [master2]
2026-02-14 16:48:05,777 p=53809 u=lzy n=ansible | changed: [master3]
2026-02-14 16:48:05,840 p=53809 u=lzy n=ansible | changed: [worker1]
2026-02-14 16:48:06,140 p=53809 u=lzy n=ansible | changed: [worker2]
2026-02-14 16:48:12,534 p=53809 u=lzy n=ansible | changed: [worker3]
2026-02-14 16:48:12,540 p=53809 u=lzy n=ansible | TASK [kubernetes : Add Kubernetes apt repository] **************************************************************************************************************
2026-02-14 16:48:55,746 p=53809 u=lzy n=ansible | fatal: [master2]: FAILED! => {"changed": false, "msg": "Failed to update apt cache: E:The repository 'https://apt.kubernetes.io kubernetes-xenial Release' does not have a Release file., W:Updating from such a repository can't be done securely, and is therefore disabled by default., W:See apt-secure(8) manpage for repository creation and user configuration details., W:https://download.docker.com/linux/ubuntu/dists/noble/InRelease: Key is stored in legacy trusted.gpg keyring (/etc/apt/trusted.gpg), see the DEPRECATION section in apt-key(8) for details."}
2026-02-14 16:48:56,582 p=53809 u=lzy n=ansible | fatal: [worker2]: FAILED! => {"changed": false, "msg": "Failed to update apt cache: E:The repository 'https://apt.kubernetes.io kubernetes-xenial Release' does not have a Release file., W:Updating from such a repository can't be done securely, and is therefore disabled by default., W:See apt-secure(8) manpage for repository creation and user configuration details., W:https://download.docker.com/linux/ubuntu/dists/noble/InRelease: Key is stored in legacy trusted.gpg keyring (/etc/apt/trusted.gpg), see the DEPRECATION section in apt-key(8) for details."}
2026-02-14 16:48:58,563 p=53809 u=lzy n=ansible | fatal: [master1]: FAILED! => {"changed": false, "msg": "Failed to update apt cache: E:The repository 'https://apt.kubernetes.io kubernetes-xenial Release' does not have a Release file., W:Updating from such a repository can't be done securely, and is therefore disabled by default., W:See apt-secure(8) manpage for repository creation and user configuration details., W:https://download.docker.com/linux/ubuntu/dists/noble/InRelease: Key is stored in legacy trusted.gpg keyring (/etc/apt/trusted.gpg), see the DEPRECATION section in apt-key(8) for details."}
2026-02-14 16:48:58,722 p=53809 u=lzy n=ansible | fatal: [master3]: FAILED! => {"changed": false, "msg": "Failed to update apt cache: E:The repository 'https://apt.kubernetes.io kubernetes-xenial Release' does not have a Release file., W:Updating from such a repository can't be done securely, and is therefore disabled by default., W:See apt-secure(8) manpage for repository creation and user configuration details., W:https://download.docker.com/linux/ubuntu/dists/noble/InRelease: Key is stored in legacy trusted.gpg keyring (/etc/apt/trusted.gpg), see the DEPRECATION section in apt-key(8) for details."}
2026-02-14 16:48:59,470 p=53809 u=lzy n=ansible | fatal: [worker1]: FAILED! => {"changed": false, "msg": "Failed to update apt cache: E:The repository 'https://apt.kubernetes.io kubernetes-xenial Release' does not have a Release file., W:Updating from such a repository can't be done securely, and is therefore disabled by default., W:See apt-secure(8) manpage for repository creation and user configuration details., W:https://download.docker.com/linux/ubuntu/dists/noble/InRelease: Key is stored in legacy trusted.gpg keyring (/etc/apt/trusted.gpg), see the DEPRECATION section in apt-key(8) for details."}
2026-02-14 16:49:32,857 p=53809 u=lzy n=ansible |  [ERROR]: User interrupted execution

2026-02-14 16:50:50,398 p=60177 u=lzy n=ansible | PLAY [all] *****************************************************************************************************************************************************
2026-02-14 16:50:50,408 p=60177 u=lzy n=ansible | TASK [Gathering Facts] *****************************************************************************************************************************************
2026-02-14 16:51:02,128 p=60177 u=lzy n=ansible | [WARNING]: Platform linux on host master1 is using the discovered Python interpreter at /usr/bin/python3.12, but future installation of another Python
interpreter could change the meaning of that path. See https://docs.ansible.com/ansible-core/2.17/reference_appendices/interpreter_discovery.html for more
information.

2026-02-14 16:51:02,129 p=60177 u=lzy n=ansible | ok: [master1]
2026-02-14 16:51:02,135 p=60177 u=lzy n=ansible | [WARNING]: Platform linux on host master2 is using the discovered Python interpreter at /usr/bin/python3.12, but future installation of another Python
interpreter could change the meaning of that path. See https://docs.ansible.com/ansible-core/2.17/reference_appendices/interpreter_discovery.html for more
information.

2026-02-14 16:51:02,135 p=60177 u=lzy n=ansible | ok: [master2]
2026-02-14 16:51:02,368 p=60177 u=lzy n=ansible | [WARNING]: Platform linux on host worker1 is using the discovered Python interpreter at /usr/bin/python3.12, but future installation of another Python
interpreter could change the meaning of that path. See https://docs.ansible.com/ansible-core/2.17/reference_appendices/interpreter_discovery.html for more
information.

2026-02-14 16:51:02,368 p=60177 u=lzy n=ansible | ok: [worker1]
2026-02-14 16:51:02,543 p=60177 u=lzy n=ansible | [WARNING]: Platform linux on host master3 is using the discovered Python interpreter at /usr/bin/python3.12, but future installation of another Python
interpreter could change the meaning of that path. See https://docs.ansible.com/ansible-core/2.17/reference_appendices/interpreter_discovery.html for more
information.

2026-02-14 16:51:02,543 p=60177 u=lzy n=ansible | ok: [master3]
2026-02-14 16:51:03,286 p=60177 u=lzy n=ansible | [WARNING]: Platform linux on host worker2 is using the discovered Python interpreter at /usr/bin/python3.12, but future installation of another Python
interpreter could change the meaning of that path. See https://docs.ansible.com/ansible-core/2.17/reference_appendices/interpreter_discovery.html for more
information.

2026-02-14 16:51:03,286 p=60177 u=lzy n=ansible | ok: [worker2]
2026-02-14 16:51:13,881 p=60177 u=lzy n=ansible | [WARNING]: Platform linux on host worker3 is using the discovered Python interpreter at /usr/bin/python3.12, but future installation of another Python
interpreter could change the meaning of that path. See https://docs.ansible.com/ansible-core/2.17/reference_appendices/interpreter_discovery.html for more
information.

2026-02-14 16:51:13,881 p=60177 u=lzy n=ansible | ok: [worker3]
2026-02-14 16:51:13,884 p=60177 u=lzy n=ansible | TASK [common : Disable swap immediately] ***********************************************************************************************************************
2026-02-14 16:51:13,902 p=60177 u=lzy n=ansible | skipping: [master1]
2026-02-14 16:51:13,910 p=60177 u=lzy n=ansible | skipping: [master2]
2026-02-14 16:51:13,920 p=60177 u=lzy n=ansible | skipping: [master3]
2026-02-14 16:51:13,926 p=60177 u=lzy n=ansible | skipping: [worker1]
2026-02-14 16:51:13,928 p=60177 u=lzy n=ansible | skipping: [worker2]
2026-02-14 16:51:13,933 p=60177 u=lzy n=ansible | skipping: [worker3]
2026-02-14 16:51:13,936 p=60177 u=lzy n=ansible | TASK [common : Remove swap from /etc/fstab] ********************************************************************************************************************
2026-02-14 16:51:19,966 p=60177 u=lzy n=ansible | ok: [master1]
2026-02-14 16:51:19,967 p=60177 u=lzy n=ansible | ok: [master2]
2026-02-14 16:51:19,976 p=60177 u=lzy n=ansible | ok: [master3]
2026-02-14 16:51:20,035 p=60177 u=lzy n=ansible | ok: [worker1]
2026-02-14 16:51:20,047 p=60177 u=lzy n=ansible | ok: [worker2]
2026-02-14 16:51:26,017 p=60177 u=lzy n=ansible | ok: [worker3]
2026-02-14 16:51:26,020 p=60177 u=lzy n=ansible | TASK [common : Load kernel modules for containerd] *************************************************************************************************************
2026-02-14 16:51:32,151 p=60177 u=lzy n=ansible | ok: [master2]
2026-02-14 16:51:32,159 p=60177 u=lzy n=ansible | ok: [master1]
2026-02-14 16:51:32,190 p=60177 u=lzy n=ansible | ok: [master3]
2026-02-14 16:51:32,221 p=60177 u=lzy n=ansible | ok: [worker1]
2026-02-14 16:51:32,255 p=60177 u=lzy n=ansible | ok: [worker2]
2026-02-14 16:51:38,248 p=60177 u=lzy n=ansible | ok: [worker3]
2026-02-14 16:51:38,252 p=60177 u=lzy n=ansible | TASK [common : Modprobe kernel modules] ************************************************************************************************************************
2026-02-14 16:51:44,315 p=60177 u=lzy n=ansible | ok: [master2] => (item=overlay)
2026-02-14 16:51:44,321 p=60177 u=lzy n=ansible | ok: [master3] => (item=overlay)
2026-02-14 16:51:44,368 p=60177 u=lzy n=ansible | ok: [worker2] => (item=overlay)
2026-02-14 16:51:44,371 p=60177 u=lzy n=ansible | ok: [worker1] => (item=overlay)
2026-02-14 16:51:45,056 p=60177 u=lzy n=ansible | ok: [master1] => (item=overlay)
2026-02-14 16:51:49,994 p=60177 u=lzy n=ansible | ok: [master2] => (item=br_netfilter)
2026-02-14 16:51:50,003 p=60177 u=lzy n=ansible | ok: [master3] => (item=br_netfilter)
2026-02-14 16:51:50,135 p=60177 u=lzy n=ansible | ok: [worker2] => (item=br_netfilter)
2026-02-14 16:51:50,387 p=60177 u=lzy n=ansible | ok: [worker1] => (item=br_netfilter)
2026-02-14 16:51:51,490 p=60177 u=lzy n=ansible | ok: [master1] => (item=br_netfilter)
2026-02-14 16:51:56,238 p=60177 u=lzy n=ansible | ok: [worker3] => (item=overlay)
2026-02-14 16:52:02,380 p=60177 u=lzy n=ansible | ok: [worker3] => (item=br_netfilter)
2026-02-14 16:52:02,386 p=60177 u=lzy n=ansible | TASK [common : Configure sysctl params for Kubernetes] *********************************************************************************************************
2026-02-14 16:52:08,420 p=60177 u=lzy n=ansible | ok: [master3] => (item={'key': 'net.bridge.bridge-nf-call-iptables', 'value': '1'})
2026-02-14 16:52:08,424 p=60177 u=lzy n=ansible | ok: [master2] => (item={'key': 'net.bridge.bridge-nf-call-iptables', 'value': '1'})
2026-02-14 16:52:08,497 p=60177 u=lzy n=ansible | ok: [worker2] => (item={'key': 'net.bridge.bridge-nf-call-iptables', 'value': '1'})
2026-02-14 16:52:08,500 p=60177 u=lzy n=ansible | ok: [worker1] => (item={'key': 'net.bridge.bridge-nf-call-iptables', 'value': '1'})
2026-02-14 16:52:10,209 p=60177 u=lzy n=ansible | ok: [master1] => (item={'key': 'net.bridge.bridge-nf-call-iptables', 'value': '1'})
2026-02-14 16:52:14,191 p=60177 u=lzy n=ansible | ok: [master3] => (item={'key': 'net.ipv4.ip_forward', 'value': '1'})
2026-02-14 16:52:14,311 p=60177 u=lzy n=ansible | ok: [worker2] => (item={'key': 'net.ipv4.ip_forward', 'value': '1'})
2026-02-14 16:52:14,312 p=60177 u=lzy n=ansible | ok: [worker1] => (item={'key': 'net.ipv4.ip_forward', 'value': '1'})
2026-02-14 16:52:15,179 p=60177 u=lzy n=ansible | ok: [master2] => (item={'key': 'net.ipv4.ip_forward', 'value': '1'})
2026-02-14 16:52:16,739 p=60177 u=lzy n=ansible | ok: [master1] => (item={'key': 'net.ipv4.ip_forward', 'value': '1'})
2026-02-14 16:52:19,908 p=60177 u=lzy n=ansible | ok: [master3] => (item={'key': 'net.bridge.bridge-nf-call-ip6tables', 'value': '1'})
2026-02-14 16:52:20,077 p=60177 u=lzy n=ansible | ok: [worker2] => (item={'key': 'net.bridge.bridge-nf-call-ip6tables', 'value': '1'})
2026-02-14 16:52:21,104 p=60177 u=lzy n=ansible | ok: [worker1] => (item={'key': 'net.bridge.bridge-nf-call-ip6tables', 'value': '1'})
2026-02-14 16:52:21,122 p=60177 u=lzy n=ansible | ok: [master2] => (item={'key': 'net.bridge.bridge-nf-call-ip6tables', 'value': '1'})
2026-02-14 16:52:24,202 p=60177 u=lzy n=ansible | ok: [master1] => (item={'key': 'net.bridge.bridge-nf-call-ip6tables', 'value': '1'})
2026-02-14 16:52:27,039 p=60177 u=lzy n=ansible | ok: [worker3] => (item={'key': 'net.bridge.bridge-nf-call-iptables', 'value': '1'})
2026-02-14 16:52:33,150 p=60177 u=lzy n=ansible | ok: [worker3] => (item={'key': 'net.ipv4.ip_forward', 'value': '1'})
2026-02-14 16:52:38,968 p=60177 u=lzy n=ansible | ok: [worker3] => (item={'key': 'net.bridge.bridge-nf-call-ip6tables', 'value': '1'})
2026-02-14 16:52:38,972 p=60177 u=lzy n=ansible | TASK [common : Install dependencies (Debian/Ubuntu)] ***********************************************************************************************************
2026-02-14 16:52:50,247 p=60177 u=lzy n=ansible | ok: [master2]
2026-02-14 16:52:50,333 p=60177 u=lzy n=ansible | ok: [worker1]
2026-02-14 16:52:50,354 p=60177 u=lzy n=ansible | ok: [worker2]
2026-02-14 16:52:50,534 p=60177 u=lzy n=ansible | ok: [master3]
2026-02-14 16:52:50,719 p=60177 u=lzy n=ansible | ok: [master1]
2026-02-14 16:53:31,332 p=60177 u=lzy n=ansible | fatal: [worker3]: FAILED! => {"changed": false, "msg": "Failed to update apt cache: E:The repository 'https://apt.kubernetes.io kubernetes-xenial Release' does not have a Release file., W:Updating from such a repository can't be done securely, and is therefore disabled by default., W:See apt-secure(8) manpage for repository creation and user configuration details., W:https://download.docker.com/linux/ubuntu/dists/noble/InRelease: Key is stored in legacy trusted.gpg keyring (/etc/apt/trusted.gpg), see the DEPRECATION section in apt-key(8) for details."}
2026-02-14 16:53:31,339 p=60177 u=lzy n=ansible | TASK [common : Install dependencies (RHEL/CentOS)] *************************************************************************************************************
2026-02-14 16:53:31,351 p=60177 u=lzy n=ansible | skipping: [master1]
2026-02-14 16:53:31,371 p=60177 u=lzy n=ansible | skipping: [master2]
2026-02-14 16:53:31,380 p=60177 u=lzy n=ansible | skipping: [master3]
2026-02-14 16:53:31,381 p=60177 u=lzy n=ansible | skipping: [worker1]
2026-02-14 16:53:31,388 p=60177 u=lzy n=ansible | skipping: [worker2]
2026-02-14 16:53:31,417 p=60177 u=lzy n=ansible | TASK [container_runtime : Ensure keyrings directory exists] ****************************************************************************************************
2026-02-14 16:53:37,503 p=60177 u=lzy n=ansible | ok: [master2]
2026-02-14 16:53:37,503 p=60177 u=lzy n=ansible | ok: [master3]
2026-02-14 16:53:37,554 p=60177 u=lzy n=ansible | ok: [worker1]
2026-02-14 16:53:37,563 p=60177 u=lzy n=ansible | ok: [worker2]
2026-02-14 16:53:38,225 p=60177 u=lzy n=ansible | ok: [master1]
2026-02-14 16:53:38,229 p=60177 u=lzy n=ansible | TASK [container_runtime : Download Docker public signing key] **************************************************************************************************
2026-02-14 16:53:44,407 p=60177 u=lzy n=ansible | changed: [master3]
2026-02-14 16:53:44,408 p=60177 u=lzy n=ansible | changed: [master2]
2026-02-14 16:53:44,459 p=60177 u=lzy n=ansible | changed: [worker1]
2026-02-14 16:53:44,494 p=60177 u=lzy n=ansible | changed: [worker2]
2026-02-14 16:53:45,156 p=60177 u=lzy n=ansible | changed: [master1]
2026-02-14 16:53:45,159 p=60177 u=lzy n=ansible | TASK [container_runtime : Add Docker Repository] ***************************************************************************************************************
2026-02-14 16:53:47,867 p=60177 u=lzy n=ansible |  [ERROR]: User interrupted execution

2026-02-14 16:55:19,243 p=64101 u=lzy n=ansible | PLAY [all] *****************************************************************************************************************************************************
2026-02-14 16:55:19,252 p=64101 u=lzy n=ansible | TASK [Gathering Facts] *****************************************************************************************************************************************
2026-02-14 16:55:30,880 p=64101 u=lzy n=ansible | [WARNING]: Platform linux on host master2 is using the discovered Python interpreter at /usr/bin/python3.12, but future installation of another Python
interpreter could change the meaning of that path. See https://docs.ansible.com/ansible-core/2.17/reference_appendices/interpreter_discovery.html for more
information.

2026-02-14 16:55:30,880 p=64101 u=lzy n=ansible | ok: [master2]
2026-02-14 16:55:30,918 p=64101 u=lzy n=ansible | [WARNING]: Platform linux on host master3 is using the discovered Python interpreter at /usr/bin/python3.12, but future installation of another Python
interpreter could change the meaning of that path. See https://docs.ansible.com/ansible-core/2.17/reference_appendices/interpreter_discovery.html for more
information.

2026-02-14 16:55:30,918 p=64101 u=lzy n=ansible | ok: [master3]
2026-02-14 16:55:30,922 p=64101 u=lzy n=ansible | [WARNING]: Platform linux on host worker2 is using the discovered Python interpreter at /usr/bin/python3.12, but future installation of another Python
interpreter could change the meaning of that path. See https://docs.ansible.com/ansible-core/2.17/reference_appendices/interpreter_discovery.html for more
information.

2026-02-14 16:55:30,922 p=64101 u=lzy n=ansible | ok: [worker2]
2026-02-14 16:55:31,090 p=64101 u=lzy n=ansible | [WARNING]: Platform linux on host worker1 is using the discovered Python interpreter at /usr/bin/python3.12, but future installation of another Python
interpreter could change the meaning of that path. See https://docs.ansible.com/ansible-core/2.17/reference_appendices/interpreter_discovery.html for more
information.

2026-02-14 16:55:31,090 p=64101 u=lzy n=ansible | ok: [worker1]
2026-02-14 16:55:31,360 p=64101 u=lzy n=ansible | [WARNING]: Platform linux on host master1 is using the discovered Python interpreter at /usr/bin/python3.12, but future installation of another Python
interpreter could change the meaning of that path. See https://docs.ansible.com/ansible-core/2.17/reference_appendices/interpreter_discovery.html for more
information.

2026-02-14 16:55:31,360 p=64101 u=lzy n=ansible | ok: [master1]
2026-02-14 16:55:42,341 p=64101 u=lzy n=ansible | [WARNING]: Platform linux on host worker3 is using the discovered Python interpreter at /usr/bin/python3.12, but future installation of another Python
interpreter could change the meaning of that path. See https://docs.ansible.com/ansible-core/2.17/reference_appendices/interpreter_discovery.html for more
information.

2026-02-14 16:55:42,341 p=64101 u=lzy n=ansible | ok: [worker3]
2026-02-14 16:55:42,344 p=64101 u=lzy n=ansible | TASK [common : Disable swap immediately] ***********************************************************************************************************************
2026-02-14 16:55:42,362 p=64101 u=lzy n=ansible | skipping: [master1]
2026-02-14 16:55:42,370 p=64101 u=lzy n=ansible | skipping: [master2]
2026-02-14 16:55:42,378 p=64101 u=lzy n=ansible | skipping: [master3]
2026-02-14 16:55:42,386 p=64101 u=lzy n=ansible | skipping: [worker1]
2026-02-14 16:55:42,386 p=64101 u=lzy n=ansible | skipping: [worker2]
2026-02-14 16:55:42,391 p=64101 u=lzy n=ansible | skipping: [worker3]
2026-02-14 16:55:42,394 p=64101 u=lzy n=ansible | TASK [common : Remove swap from /etc/fstab] ********************************************************************************************************************
2026-02-14 16:55:48,430 p=64101 u=lzy n=ansible | ok: [master3]
2026-02-14 16:55:48,437 p=64101 u=lzy n=ansible | ok: [worker1]
2026-02-14 16:55:48,450 p=64101 u=lzy n=ansible | ok: [master2]
2026-02-14 16:55:48,453 p=64101 u=lzy n=ansible | ok: [worker2]
2026-02-14 16:55:48,515 p=64101 u=lzy n=ansible | ok: [master1]
2026-02-14 16:55:55,558 p=64101 u=lzy n=ansible | ok: [worker3]
2026-02-14 16:55:55,563 p=64101 u=lzy n=ansible | TASK [common : Load kernel modules for containerd] *************************************************************************************************************
2026-02-14 16:56:01,669 p=64101 u=lzy n=ansible | ok: [master2]
2026-02-14 16:56:01,680 p=64101 u=lzy n=ansible | ok: [worker1]
2026-02-14 16:56:01,686 p=64101 u=lzy n=ansible | ok: [master3]
2026-02-14 16:56:01,695 p=64101 u=lzy n=ansible | ok: [worker2]
2026-02-14 16:56:03,020 p=64101 u=lzy n=ansible | ok: [master1]
2026-02-14 16:56:08,525 p=64101 u=lzy n=ansible | ok: [worker3]
2026-02-14 16:56:08,532 p=64101 u=lzy n=ansible | TASK [common : Modprobe kernel modules] ************************************************************************************************************************
2026-02-14 16:56:14,613 p=64101 u=lzy n=ansible | ok: [worker1] => (item=overlay)
2026-02-14 16:56:14,617 p=64101 u=lzy n=ansible | ok: [master3] => (item=overlay)
2026-02-14 16:56:14,635 p=64101 u=lzy n=ansible | ok: [worker2] => (item=overlay)
2026-02-14 16:56:14,639 p=64101 u=lzy n=ansible | ok: [master2] => (item=overlay)
2026-02-14 16:56:15,946 p=64101 u=lzy n=ansible | ok: [master1] => (item=overlay)
2026-02-14 16:56:20,169 p=64101 u=lzy n=ansible | ok: [master2] => (item=br_netfilter)
2026-02-14 16:56:20,350 p=64101 u=lzy n=ansible | ok: [worker1] => (item=br_netfilter)
2026-02-14 16:56:20,395 p=64101 u=lzy n=ansible | ok: [master3] => (item=br_netfilter)
2026-02-14 16:56:20,436 p=64101 u=lzy n=ansible | ok: [worker2] => (item=br_netfilter)
2026-02-14 16:56:23,017 p=64101 u=lzy n=ansible | ok: [master1] => (item=br_netfilter)
2026-02-14 16:56:27,393 p=64101 u=lzy n=ansible | ok: [worker3] => (item=overlay)
2026-02-14 16:56:35,082 p=64101 u=lzy n=ansible | ok: [worker3] => (item=br_netfilter)
2026-02-14 16:56:35,085 p=64101 u=lzy n=ansible | TASK [common : Configure sysctl params for Kubernetes] *********************************************************************************************************
2026-02-14 16:56:41,134 p=64101 u=lzy n=ansible | ok: [master3] => (item={'key': 'net.bridge.bridge-nf-call-iptables', 'value': '1'})
2026-02-14 16:56:41,795 p=64101 u=lzy n=ansible | ok: [master1] => (item={'key': 'net.bridge.bridge-nf-call-iptables', 'value': '1'})
2026-02-14 16:56:42,124 p=64101 u=lzy n=ansible | ok: [worker1] => (item={'key': 'net.bridge.bridge-nf-call-iptables', 'value': '1'})
2026-02-14 16:56:42,167 p=64101 u=lzy n=ansible | ok: [worker2] => (item={'key': 'net.bridge.bridge-nf-call-iptables', 'value': '1'})
2026-02-14 16:56:42,167 p=64101 u=lzy n=ansible | ok: [master2] => (item={'key': 'net.bridge.bridge-nf-call-iptables', 'value': '1'})
2026-02-14 16:56:46,962 p=64101 u=lzy n=ansible | ok: [master3] => (item={'key': 'net.ipv4.ip_forward', 'value': '1'})
2026-02-14 16:56:48,120 p=64101 u=lzy n=ansible | ok: [master1] => (item={'key': 'net.ipv4.ip_forward', 'value': '1'})
2026-02-14 16:56:48,126 p=64101 u=lzy n=ansible | ok: [worker1] => (item={'key': 'net.ipv4.ip_forward', 'value': '1'})
2026-02-14 16:56:48,242 p=64101 u=lzy n=ansible | ok: [master2] => (item={'key': 'net.ipv4.ip_forward', 'value': '1'})
2026-02-14 16:56:48,242 p=64101 u=lzy n=ansible | ok: [worker2] => (item={'key': 'net.ipv4.ip_forward', 'value': '1'})
2026-02-14 16:56:52,707 p=64101 u=lzy n=ansible | ok: [master3] => (item={'key': 'net.bridge.bridge-nf-call-ip6tables', 'value': '1'})
2026-02-14 16:56:53,770 p=64101 u=lzy n=ansible | ok: [master2] => (item={'key': 'net.bridge.bridge-nf-call-ip6tables', 'value': '1'})
2026-02-14 16:56:53,870 p=64101 u=lzy n=ansible | ok: [worker1] => (item={'key': 'net.bridge.bridge-nf-call-ip6tables', 'value': '1'})
2026-02-14 16:56:54,190 p=64101 u=lzy n=ansible | ok: [master1] => (item={'key': 'net.bridge.bridge-nf-call-ip6tables', 'value': '1'})
2026-02-14 16:56:55,008 p=64101 u=lzy n=ansible | ok: [worker2] => (item={'key': 'net.bridge.bridge-nf-call-ip6tables', 'value': '1'})
2026-02-14 16:57:01,371 p=64101 u=lzy n=ansible | ok: [worker3] => (item={'key': 'net.bridge.bridge-nf-call-iptables', 'value': '1'})
2026-02-14 16:57:08,788 p=64101 u=lzy n=ansible | ok: [worker3] => (item={'key': 'net.ipv4.ip_forward', 'value': '1'})
2026-02-14 16:57:17,816 p=64101 u=lzy n=ansible | ok: [worker3] => (item={'key': 'net.bridge.bridge-nf-call-ip6tables', 'value': '1'})
2026-02-14 16:57:17,821 p=64101 u=lzy n=ansible | TASK [common : Install dependencies (Debian/Ubuntu)] ***********************************************************************************************************
2026-02-14 16:57:26,022 p=64101 u=lzy n=ansible | ok: [master1]
2026-02-14 16:57:26,206 p=64101 u=lzy n=ansible | ok: [worker1]
2026-02-14 16:57:26,211 p=64101 u=lzy n=ansible | ok: [master2]
2026-02-14 16:57:26,301 p=64101 u=lzy n=ansible | ok: [master3]
2026-02-14 16:57:26,361 p=64101 u=lzy n=ansible | ok: [worker2]
2026-02-14 16:57:37,209 p=64101 u=lzy n=ansible | ok: [worker3]
2026-02-14 16:57:37,216 p=64101 u=lzy n=ansible | TASK [common : Install dependencies (RHEL/CentOS)] *************************************************************************************************************
2026-02-14 16:57:37,228 p=64101 u=lzy n=ansible | skipping: [master1]
2026-02-14 16:57:37,247 p=64101 u=lzy n=ansible | skipping: [master2]
2026-02-14 16:57:37,256 p=64101 u=lzy n=ansible | skipping: [master3]
2026-02-14 16:57:37,269 p=64101 u=lzy n=ansible | skipping: [worker1]
2026-02-14 16:57:37,270 p=64101 u=lzy n=ansible | skipping: [worker2]
2026-02-14 16:57:37,275 p=64101 u=lzy n=ansible | skipping: [worker3]
2026-02-14 16:57:37,311 p=64101 u=lzy n=ansible | TASK [container_runtime : Ensure keyrings directory exists] ****************************************************************************************************
2026-02-14 16:57:43,359 p=64101 u=lzy n=ansible | ok: [master3]
2026-02-14 16:57:43,363 p=64101 u=lzy n=ansible | ok: [worker1]
2026-02-14 16:57:43,365 p=64101 u=lzy n=ansible | ok: [master2]
2026-02-14 16:57:43,367 p=64101 u=lzy n=ansible | ok: [worker2]
2026-02-14 16:57:43,669 p=64101 u=lzy n=ansible | ok: [master1]
2026-02-14 16:57:49,671 p=64101 u=lzy n=ansible | ok: [worker3]
2026-02-14 16:57:49,677 p=64101 u=lzy n=ansible | TASK [container_runtime : Download Docker public signing key] **************************************************************************************************
2026-02-14 16:57:56,121 p=64101 u=lzy n=ansible | ok: [worker1]
2026-02-14 16:57:56,126 p=64101 u=lzy n=ansible | ok: [master3]
2026-02-14 16:57:56,177 p=64101 u=lzy n=ansible | ok: [master2]
2026-02-14 16:57:56,200 p=64101 u=lzy n=ansible | ok: [worker2]
2026-02-14 16:57:56,201 p=64101 u=lzy n=ansible | ok: [master1]
2026-02-14 16:58:05,004 p=64101 u=lzy n=ansible | changed: [worker3]
2026-02-14 16:58:05,007 p=64101 u=lzy n=ansible | TASK [container_runtime : Add Docker Repository] ***************************************************************************************************************
2026-02-14 16:58:11,481 p=64101 u=lzy n=ansible | An exception occurred during task execution. To see the full traceback, use -vvv. The error was: apt_pkg.Error: E:Conflicting values set for option Signed-By regarding source https://download.docker.com/linux/ubuntu/ noble: /etc/apt/keyrings/docker.asc != , E:The list of sources could not be read.
2026-02-14 16:58:11,481 p=64101 u=lzy n=ansible | fatal: [master2]: FAILED! => {"changed": false, "module_stderr": "Shared connection to 44.220.138.150 closed.\r\n", "module_stdout": "Traceback (most recent call last):\r\n  File \"/home/ubuntu/.ansible/tmp/ansible-tmp-1771063085.5556514-66965-37669109438800/AnsiballZ_apt_repository.py\", line 107, in <module>\r\n    _ansiballz_main()\r\n  File \"/home/ubuntu/.ansible/tmp/ansible-tmp-1771063085.5556514-66965-37669109438800/AnsiballZ_apt_repository.py\", line 99, in _ansiballz_main\r\n    invoke_module(zipped_mod, temp_path, ANSIBALLZ_PARAMS)\r\n  File \"/home/ubuntu/.ansible/tmp/ansible-tmp-1771063085.5556514-66965-37669109438800/AnsiballZ_apt_repository.py\", line 47, in invoke_module\r\n    runpy.run_module(mod_name='ansible.modules.apt_repository', init_globals=dict(_module_fqn='ansible.modules.apt_repository', _modlib_path=modlib_path),\r\n  File \"<frozen runpy>\", line 226, in run_module\r\n  File \"<frozen runpy>\", line 98, in _run_module_code\r\n  File \"<frozen runpy>\", line 88, in _run_code\r\n  File \"/tmp/ansible_apt_repository_payload_7v3hrnae/ansible_apt_repository_payload.zip/ansible/modules/apt_repository.py\", line 773, in <module>\r\n  File \"/tmp/ansible_apt_repository_payload_7v3hrnae/ansible_apt_repository_payload.zip/ansible/modules/apt_repository.py\", line 750, in main\r\n  File \"/usr/lib/python3/dist-packages/apt/cache.py\", line 157, in __init__\r\n    self.open(progress)\r\n  File \"/usr/lib/python3/dist-packages/apt/cache.py\", line 214, in open\r\n    self._cache = apt_pkg.Cache(progress)\r\n                  ^^^^^^^^^^^^^^^^^^^^^^^\r\napt_pkg.Error: E:Conflicting values set for option Signed-By regarding source https://download.docker.com/linux/ubuntu/ noble: /etc/apt/keyrings/docker.asc != , E:The list of sources could not be read.\r\n", "msg": "MODULE FAILURE\nSee stdout/stderr for the exact error", "rc": 1}
2026-02-14 16:58:11,513 p=64101 u=lzy n=ansible | An exception occurred during task execution. To see the full traceback, use -vvv. The error was: apt_pkg.Error: E:Conflicting values set for option Signed-By regarding source https://download.docker.com/linux/ubuntu/ noble: /etc/apt/keyrings/docker.asc != , E:The list of sources could not be read.
2026-02-14 16:58:11,513 p=64101 u=lzy n=ansible | fatal: [worker2]: FAILED! => {"changed": false, "module_stderr": "Shared connection to 98.84.140.231 closed.\r\n", "module_stdout": "Traceback (most recent call last):\r\n  File \"/home/ubuntu/.ansible/tmp/ansible-tmp-1771063085.5825567-66971-57071169954356/AnsiballZ_apt_repository.py\", line 107, in <module>\r\n    _ansiballz_main()\r\n  File \"/home/ubuntu/.ansible/tmp/ansible-tmp-1771063085.5825567-66971-57071169954356/AnsiballZ_apt_repository.py\", line 99, in _ansiballz_main\r\n    invoke_module(zipped_mod, temp_path, ANSIBALLZ_PARAMS)\r\n  File \"/home/ubuntu/.ansible/tmp/ansible-tmp-1771063085.5825567-66971-57071169954356/AnsiballZ_apt_repository.py\", line 47, in invoke_module\r\n    runpy.run_module(mod_name='ansible.modules.apt_repository', init_globals=dict(_module_fqn='ansible.modules.apt_repository', _modlib_path=modlib_path),\r\n  File \"<frozen runpy>\", line 226, in run_module\r\n  File \"<frozen runpy>\", line 98, in _run_module_code\r\n  File \"<frozen runpy>\", line 88, in _run_code\r\n  File \"/tmp/ansible_apt_repository_payload_s3d2yron/ansible_apt_repository_payload.zip/ansible/modules/apt_repository.py\", line 773, in <module>\r\n  File \"/tmp/ansible_apt_repository_payload_s3d2yron/ansible_apt_repository_payload.zip/ansible/modules/apt_repository.py\", line 750, in main\r\n  File \"/usr/lib/python3/dist-packages/apt/cache.py\", line 157, in __init__\r\n    self.open(progress)\r\n  File \"/usr/lib/python3/dist-packages/apt/cache.py\", line 214, in open\r\n    self._cache = apt_pkg.Cache(progress)\r\n                  ^^^^^^^^^^^^^^^^^^^^^^^\r\napt_pkg.Error: E:Conflicting values set for option Signed-By regarding source https://download.docker.com/linux/ubuntu/ noble: /etc/apt/keyrings/docker.asc != , E:The list of sources could not be read.\r\n", "msg": "MODULE FAILURE\nSee stdout/stderr for the exact error", "rc": 1}
2026-02-14 16:58:11,699 p=64101 u=lzy n=ansible | An exception occurred during task execution. To see the full traceback, use -vvv. The error was: apt_pkg.Error: E:Conflicting values set for option Signed-By regarding source https://download.docker.com/linux/ubuntu/ noble: /etc/apt/keyrings/docker.asc != , E:The list of sources could not be read.
2026-02-14 16:58:11,699 p=64101 u=lzy n=ansible | fatal: [worker1]: FAILED! => {"changed": false, "module_stderr": "Shared connection to 54.165.216.167 closed.\r\n", "module_stdout": "Traceback (most recent call last):\r\n  File \"/home/ubuntu/.ansible/tmp/ansible-tmp-1771063085.5861373-66969-162171583864452/AnsiballZ_apt_repository.py\", line 107, in <module>\r\n    _ansiballz_main()\r\n  File \"/home/ubuntu/.ansible/tmp/ansible-tmp-1771063085.5861373-66969-162171583864452/AnsiballZ_apt_repository.py\", line 99, in _ansiballz_main\r\n    invoke_module(zipped_mod, temp_path, ANSIBALLZ_PARAMS)\r\n  File \"/home/ubuntu/.ansible/tmp/ansible-tmp-1771063085.5861373-66969-162171583864452/AnsiballZ_apt_repository.py\", line 47, in invoke_module\r\n    runpy.run_module(mod_name='ansible.modules.apt_repository', init_globals=dict(_module_fqn='ansible.modules.apt_repository', _modlib_path=modlib_path),\r\n  File \"<frozen runpy>\", line 226, in run_module\r\n  File \"<frozen runpy>\", line 98, in _run_module_code\r\n  File \"<frozen runpy>\", line 88, in _run_code\r\n  File \"/tmp/ansible_apt_repository_payload_tsy046am/ansible_apt_repository_payload.zip/ansible/modules/apt_repository.py\", line 773, in <module>\r\n  File \"/tmp/ansible_apt_repository_payload_tsy046am/ansible_apt_repository_payload.zip/ansible/modules/apt_repository.py\", line 750, in main\r\n  File \"/usr/lib/python3/dist-packages/apt/cache.py\", line 157, in __init__\r\n    self.open(progress)\r\n  File \"/usr/lib/python3/dist-packages/apt/cache.py\", line 214, in open\r\n    self._cache = apt_pkg.Cache(progress)\r\n                  ^^^^^^^^^^^^^^^^^^^^^^^\r\napt_pkg.Error: E:Conflicting values set for option Signed-By regarding source https://download.docker.com/linux/ubuntu/ noble: /etc/apt/keyrings/docker.asc != , E:The list of sources could not be read.\r\n", "msg": "MODULE FAILURE\nSee stdout/stderr for the exact error", "rc": 1}
2026-02-14 16:58:11,736 p=64101 u=lzy n=ansible | An exception occurred during task execution. To see the full traceback, use -vvv. The error was: apt_pkg.Error: E:Conflicting values set for option Signed-By regarding source https://download.docker.com/linux/ubuntu/ noble: /etc/apt/keyrings/docker.asc != , E:The list of sources could not be read.
2026-02-14 16:58:11,736 p=64101 u=lzy n=ansible | fatal: [master3]: FAILED! => {"changed": false, "module_stderr": "Shared connection to 18.207.151.69 closed.\r\n", "module_stdout": "Traceback (most recent call last):\r\n  File \"/home/ubuntu/.ansible/tmp/ansible-tmp-1771063085.570096-66967-123164981777625/AnsiballZ_apt_repository.py\", line 107, in <module>\r\n    _ansiballz_main()\r\n  File \"/home/ubuntu/.ansible/tmp/ansible-tmp-1771063085.570096-66967-123164981777625/AnsiballZ_apt_repository.py\", line 99, in _ansiballz_main\r\n    invoke_module(zipped_mod, temp_path, ANSIBALLZ_PARAMS)\r\n  File \"/home/ubuntu/.ansible/tmp/ansible-tmp-1771063085.570096-66967-123164981777625/AnsiballZ_apt_repository.py\", line 47, in invoke_module\r\n    runpy.run_module(mod_name='ansible.modules.apt_repository', init_globals=dict(_module_fqn='ansible.modules.apt_repository', _modlib_path=modlib_path),\r\n  File \"<frozen runpy>\", line 226, in run_module\r\n  File \"<frozen runpy>\", line 98, in _run_module_code\r\n  File \"<frozen runpy>\", line 88, in _run_code\r\n  File \"/tmp/ansible_apt_repository_payload_5l4syrqy/ansible_apt_repository_payload.zip/ansible/modules/apt_repository.py\", line 773, in <module>\r\n  File \"/tmp/ansible_apt_repository_payload_5l4syrqy/ansible_apt_repository_payload.zip/ansible/modules/apt_repository.py\", line 750, in main\r\n  File \"/usr/lib/python3/dist-packages/apt/cache.py\", line 157, in __init__\r\n    self.open(progress)\r\n  File \"/usr/lib/python3/dist-packages/apt/cache.py\", line 214, in open\r\n    self._cache = apt_pkg.Cache(progress)\r\n                  ^^^^^^^^^^^^^^^^^^^^^^^\r\napt_pkg.Error: E:Conflicting values set for option Signed-By regarding source https://download.docker.com/linux/ubuntu/ noble: /etc/apt/keyrings/docker.asc != , E:The list of sources could not be read.\r\n", "msg": "MODULE FAILURE\nSee stdout/stderr for the exact error", "rc": 1}
2026-02-14 16:58:12,545 p=64101 u=lzy n=ansible | An exception occurred during task execution. To see the full traceback, use -vvv. The error was: apt_pkg.Error: E:Conflicting values set for option Signed-By regarding source https://download.docker.com/linux/ubuntu/ noble: /etc/apt/keyrings/docker.asc != , E:The list of sources could not be read.
2026-02-14 16:58:12,545 p=64101 u=lzy n=ansible | fatal: [master1]: FAILED! => {"changed": false, "module_stderr": "Shared connection to 174.129.48.70 closed.\r\n", "module_stdout": "Traceback (most recent call last):\r\n  File \"/home/ubuntu/.ansible/tmp/ansible-tmp-1771063085.5294385-66964-44365324121974/AnsiballZ_apt_repository.py\", line 107, in <module>\r\n    _ansiballz_main()\r\n  File \"/home/ubuntu/.ansible/tmp/ansible-tmp-1771063085.5294385-66964-44365324121974/AnsiballZ_apt_repository.py\", line 99, in _ansiballz_main\r\n    invoke_module(zipped_mod, temp_path, ANSIBALLZ_PARAMS)\r\n  File \"/home/ubuntu/.ansible/tmp/ansible-tmp-1771063085.5294385-66964-44365324121974/AnsiballZ_apt_repository.py\", line 47, in invoke_module\r\n    runpy.run_module(mod_name='ansible.modules.apt_repository', init_globals=dict(_module_fqn='ansible.modules.apt_repository', _modlib_path=modlib_path),\r\n  File \"<frozen runpy>\", line 226, in run_module\r\n  File \"<frozen runpy>\", line 98, in _run_module_code\r\n  File \"<frozen runpy>\", line 88, in _run_code\r\n  File \"/tmp/ansible_apt_repository_payload_6o3c_x32/ansible_apt_repository_payload.zip/ansible/modules/apt_repository.py\", line 773, in <module>\r\n  File \"/tmp/ansible_apt_repository_payload_6o3c_x32/ansible_apt_repository_payload.zip/ansible/modules/apt_repository.py\", line 750, in main\r\n  File \"/usr/lib/python3/dist-packages/apt/cache.py\", line 157, in __init__\r\n    self.open(progress)\r\n  File \"/usr/lib/python3/dist-packages/apt/cache.py\", line 214, in open\r\n    self._cache = apt_pkg.Cache(progress)\r\n                  ^^^^^^^^^^^^^^^^^^^^^^^\r\napt_pkg.Error: E:Conflicting values set for option Signed-By regarding source https://download.docker.com/linux/ubuntu/ noble: /etc/apt/keyrings/docker.asc != , E:The list of sources could not be read.\r\n", "msg": "MODULE FAILURE\nSee stdout/stderr for the exact error", "rc": 1}
2026-02-14 16:58:18,991 p=64101 u=lzy n=ansible | An exception occurred during task execution. To see the full traceback, use -vvv. The error was: apt_pkg.Error: E:Conflicting values set for option Signed-By regarding source https://download.docker.com/linux/ubuntu/ noble: /etc/apt/keyrings/docker.asc != , E:The list of sources could not be read.
2026-02-14 16:58:18,991 p=64101 u=lzy n=ansible | fatal: [worker3]: FAILED! => {"changed": false, "module_stderr": "Shared connection to 54.226.91.107 closed.\r\n", "module_stdout": "Traceback (most recent call last):\r\n  File \"/home/ubuntu/.ansible/tmp/ansible-tmp-1771063092.021005-67106-206787817842341/AnsiballZ_apt_repository.py\", line 107, in <module>\r\n    _ansiballz_main()\r\n  File \"/home/ubuntu/.ansible/tmp/ansible-tmp-1771063092.021005-67106-206787817842341/AnsiballZ_apt_repository.py\", line 99, in _ansiballz_main\r\n    invoke_module(zipped_mod, temp_path, ANSIBALLZ_PARAMS)\r\n  File \"/home/ubuntu/.ansible/tmp/ansible-tmp-1771063092.021005-67106-206787817842341/AnsiballZ_apt_repository.py\", line 47, in invoke_module\r\n    runpy.run_module(mod_name='ansible.modules.apt_repository', init_globals=dict(_module_fqn='ansible.modules.apt_repository', _modlib_path=modlib_path),\r\n  File \"<frozen runpy>\", line 226, in run_module\r\n  File \"<frozen runpy>\", line 98, in _run_module_code\r\n  File \"<frozen runpy>\", line 88, in _run_code\r\n  File \"/tmp/ansible_apt_repository_payload_01r9f0d8/ansible_apt_repository_payload.zip/ansible/modules/apt_repository.py\", line 773, in <module>\r\n  File \"/tmp/ansible_apt_repository_payload_01r9f0d8/ansible_apt_repository_payload.zip/ansible/modules/apt_repository.py\", line 750, in main\r\n  File \"/usr/lib/python3/dist-packages/apt/cache.py\", line 157, in __init__\r\n    self.open(progress)\r\n  File \"/usr/lib/python3/dist-packages/apt/cache.py\", line 214, in open\r\n    self._cache = apt_pkg.Cache(progress)\r\n                  ^^^^^^^^^^^^^^^^^^^^^^^\r\napt_pkg.Error: E:Conflicting values set for option Signed-By regarding source https://download.docker.com/linux/ubuntu/ noble: /etc/apt/keyrings/docker.asc != , E:The list of sources could not be read.\r\n", "msg": "MODULE FAILURE\nSee stdout/stderr for the exact error", "rc": 1}
2026-02-14 16:58:18,993 p=64101 u=lzy n=ansible | PLAY RECAP *****************************************************************************************************************************************************
2026-02-14 16:58:18,993 p=64101 u=lzy n=ansible | master1                    : ok=8    changed=0    unreachable=0    failed=1    skipped=2    rescued=0    ignored=0   
2026-02-14 16:58:18,993 p=64101 u=lzy n=ansible | master2                    : ok=8    changed=0    unreachable=0    failed=1    skipped=2    rescued=0    ignored=0   
2026-02-14 16:58:18,993 p=64101 u=lzy n=ansible | master3                    : ok=8    changed=0    unreachable=0    failed=1    skipped=2    rescued=0    ignored=0   
2026-02-14 16:58:18,993 p=64101 u=lzy n=ansible | worker1                    : ok=8    changed=0    unreachable=0    failed=1    skipped=2    rescued=0    ignored=0   
2026-02-14 16:58:18,993 p=64101 u=lzy n=ansible | worker2                    : ok=8    changed=0    unreachable=0    failed=1    skipped=2    rescued=0    ignored=0   
2026-02-14 16:58:18,993 p=64101 u=lzy n=ansible | worker3                    : ok=8    changed=1    unreachable=0    failed=1    skipped=2    rescued=0    ignored=0   
2026-02-14 17:01:02,621 p=68352 u=lzy n=ansible | PLAY [all] *****************************************************************************************************************************************************
2026-02-14 17:01:02,632 p=68352 u=lzy n=ansible | TASK [Gathering Facts] *****************************************************************************************************************************************
2026-02-14 17:01:13,950 p=68352 u=lzy n=ansible | [WARNING]: Platform linux on host master1 is using the discovered Python interpreter at /usr/bin/python3.12, but future installation of another Python
interpreter could change the meaning of that path. See https://docs.ansible.com/ansible-core/2.17/reference_appendices/interpreter_discovery.html for more
information.

2026-02-14 17:01:13,951 p=68352 u=lzy n=ansible | ok: [master1]
2026-02-14 17:01:14,224 p=68352 u=lzy n=ansible | [WARNING]: Platform linux on host master3 is using the discovered Python interpreter at /usr/bin/python3.12, but future installation of another Python
interpreter could change the meaning of that path. See https://docs.ansible.com/ansible-core/2.17/reference_appendices/interpreter_discovery.html for more
information.

2026-02-14 17:01:14,225 p=68352 u=lzy n=ansible | ok: [master3]
2026-02-14 17:01:14,254 p=68352 u=lzy n=ansible | [WARNING]: Platform linux on host worker1 is using the discovered Python interpreter at /usr/bin/python3.12, but future installation of another Python
interpreter could change the meaning of that path. See https://docs.ansible.com/ansible-core/2.17/reference_appendices/interpreter_discovery.html for more
information.

2026-02-14 17:01:14,254 p=68352 u=lzy n=ansible | ok: [worker1]
2026-02-14 17:01:14,366 p=68352 u=lzy n=ansible | [WARNING]: Platform linux on host worker2 is using the discovered Python interpreter at /usr/bin/python3.12, but future installation of another Python
interpreter could change the meaning of that path. See https://docs.ansible.com/ansible-core/2.17/reference_appendices/interpreter_discovery.html for more
information.

2026-02-14 17:01:14,366 p=68352 u=lzy n=ansible | ok: [worker2]
2026-02-14 17:01:14,515 p=68352 u=lzy n=ansible | [WARNING]: Platform linux on host master2 is using the discovered Python interpreter at /usr/bin/python3.12, but future installation of another Python
interpreter could change the meaning of that path. See https://docs.ansible.com/ansible-core/2.17/reference_appendices/interpreter_discovery.html for more
information.

2026-02-14 17:01:14,515 p=68352 u=lzy n=ansible | ok: [master2]
2026-02-14 17:01:31,284 p=68352 u=lzy n=ansible | [WARNING]: Platform linux on host worker3 is using the discovered Python interpreter at /usr/bin/python3.12, but future installation of another Python
interpreter could change the meaning of that path. See https://docs.ansible.com/ansible-core/2.17/reference_appendices/interpreter_discovery.html for more
information.

2026-02-14 17:01:31,284 p=68352 u=lzy n=ansible | ok: [worker3]
2026-02-14 17:01:31,288 p=68352 u=lzy n=ansible | TASK [cleanup : Cleanup existing Docker and Kubernetes entries in sources.list] ********************************************************************************
2026-02-14 17:01:37,134 p=68352 u=lzy n=ansible | ok: [master1]
2026-02-14 17:01:37,269 p=68352 u=lzy n=ansible | ok: [master3]
2026-02-14 17:01:37,270 p=68352 u=lzy n=ansible | ok: [worker2]
2026-02-14 17:01:37,324 p=68352 u=lzy n=ansible | ok: [master2]
2026-02-14 17:01:37,335 p=68352 u=lzy n=ansible | ok: [worker1]
2026-02-14 17:01:44,288 p=68352 u=lzy n=ansible | ok: [worker3]
2026-02-14 17:01:44,292 p=68352 u=lzy n=ansible | TASK [cleanup : Remove legacy Docker and Kubernetes GPG keys] **************************************************************************************************
2026-02-14 17:01:50,956 p=68352 u=lzy n=ansible | changed: [master1] => (item=0EBFCD88)
2026-02-14 17:01:51,135 p=68352 u=lzy n=ansible | changed: [worker2] => (item=0EBFCD88)
2026-02-14 17:01:51,147 p=68352 u=lzy n=ansible | changed: [master3] => (item=0EBFCD88)
2026-02-14 17:01:51,174 p=68352 u=lzy n=ansible | changed: [master2] => (item=0EBFCD88)
2026-02-14 17:01:51,182 p=68352 u=lzy n=ansible | changed: [worker1] => (item=0EBFCD88)
2026-02-14 17:01:58,680 p=68352 u=lzy n=ansible | changed: [worker3] => (item=0EBFCD88)
2026-02-14 17:01:58,683 p=68352 u=lzy n=ansible | TASK [cleanup : Remove legacy Kubernetes GPG key by URL] *******************************************************************************************************
2026-02-14 17:02:05,328 p=68352 u=lzy n=ansible | changed: [master1]
2026-02-14 17:02:05,569 p=68352 u=lzy n=ansible | changed: [worker2]
2026-02-14 17:02:05,587 p=68352 u=lzy n=ansible | changed: [master2]
2026-02-14 17:02:05,605 p=68352 u=lzy n=ansible | changed: [worker1]
2026-02-14 17:02:07,722 p=68352 u=lzy n=ansible | changed: [master3]
2026-02-14 17:02:12,789 p=68352 u=lzy n=ansible | changed: [worker3]
2026-02-14 17:02:12,794 p=68352 u=lzy n=ansible | TASK [cleanup : Remove conflicting repository files in sources.list.d] *****************************************************************************************
2026-02-14 17:02:18,656 p=68352 u=lzy n=ansible | changed: [master1] => (item=docker.list)
2026-02-14 17:02:18,791 p=68352 u=lzy n=ansible | changed: [worker2] => (item=docker.list)
2026-02-14 17:02:18,868 p=68352 u=lzy n=ansible | changed: [master2] => (item=docker.list)
2026-02-14 17:02:18,870 p=68352 u=lzy n=ansible | changed: [worker1] => (item=docker.list)
2026-02-14 17:02:20,590 p=68352 u=lzy n=ansible | changed: [master3] => (item=docker.list)
2026-02-14 17:02:23,916 p=68352 u=lzy n=ansible | changed: [master1] => (item=download_docker_com_linux_ubuntu.list)
2026-02-14 17:02:24,471 p=68352 u=lzy n=ansible | changed: [worker2] => (item=download_docker_com_linux_ubuntu.list)
2026-02-14 17:02:24,620 p=68352 u=lzy n=ansible | changed: [master2] => (item=download_docker_com_linux_ubuntu.list)
2026-02-14 17:02:24,620 p=68352 u=lzy n=ansible | changed: [worker1] => (item=download_docker_com_linux_ubuntu.list)
2026-02-14 17:02:27,590 p=68352 u=lzy n=ansible | changed: [master3] => (item=download_docker_com_linux_ubuntu.list)
2026-02-14 17:02:29,202 p=68352 u=lzy n=ansible | ok: [master1] => (item=kubernetes.list)
2026-02-14 17:02:30,162 p=68352 u=lzy n=ansible | ok: [worker2] => (item=kubernetes.list)
2026-02-14 17:02:30,375 p=68352 u=lzy n=ansible | ok: [worker1] => (item=kubernetes.list)
2026-02-14 17:02:30,382 p=68352 u=lzy n=ansible | ok: [master2] => (item=kubernetes.list)
2026-02-14 17:02:34,069 p=68352 u=lzy n=ansible | ok: [master3] => (item=kubernetes.list)
2026-02-14 17:02:35,785 p=68352 u=lzy n=ansible | changed: [worker3] => (item=docker.list)
2026-02-14 17:02:42,400 p=68352 u=lzy n=ansible | changed: [worker3] => (item=download_docker_com_linux_ubuntu.list)
2026-02-14 17:02:48,757 p=68352 u=lzy n=ansible | ok: [worker3] => (item=kubernetes.list)
2026-02-14 17:02:48,774 p=68352 u=lzy n=ansible | TASK [common : Disable swap immediately] ***********************************************************************************************************************
2026-02-14 17:02:48,797 p=68352 u=lzy n=ansible | skipping: [master1]
2026-02-14 17:02:48,806 p=68352 u=lzy n=ansible | skipping: [master2]
2026-02-14 17:02:48,823 p=68352 u=lzy n=ansible | skipping: [master3]
2026-02-14 17:02:48,823 p=68352 u=lzy n=ansible | skipping: [worker1]
2026-02-14 17:02:48,823 p=68352 u=lzy n=ansible | skipping: [worker2]
2026-02-14 17:02:48,828 p=68352 u=lzy n=ansible | skipping: [worker3]
2026-02-14 17:02:48,840 p=68352 u=lzy n=ansible | TASK [common : Remove swap from /etc/fstab] ********************************************************************************************************************
2026-02-14 17:02:54,585 p=68352 u=lzy n=ansible | ok: [master1]
2026-02-14 17:02:54,821 p=68352 u=lzy n=ansible | ok: [worker2]
2026-02-14 17:02:54,869 p=68352 u=lzy n=ansible | ok: [master2]
2026-02-14 17:02:54,874 p=68352 u=lzy n=ansible | ok: [worker1]
2026-02-14 17:02:55,074 p=68352 u=lzy n=ansible | ok: [master3]
2026-02-14 17:03:00,948 p=68352 u=lzy n=ansible | ok: [worker3]
2026-02-14 17:03:00,953 p=68352 u=lzy n=ansible | TASK [common : Load kernel modules for containerd] *************************************************************************************************************
2026-02-14 17:03:06,832 p=68352 u=lzy n=ansible | ok: [master1]
2026-02-14 17:03:07,003 p=68352 u=lzy n=ansible | ok: [master3]
2026-02-14 17:03:07,003 p=68352 u=lzy n=ansible | ok: [worker2]
2026-02-14 17:03:07,039 p=68352 u=lzy n=ansible | ok: [worker1]
2026-02-14 17:03:07,047 p=68352 u=lzy n=ansible | ok: [master2]
2026-02-14 17:03:13,162 p=68352 u=lzy n=ansible | ok: [worker3]
2026-02-14 17:03:13,169 p=68352 u=lzy n=ansible | TASK [common : Modprobe kernel modules] ************************************************************************************************************************
2026-02-14 17:03:18,992 p=68352 u=lzy n=ansible | ok: [master1] => (item=overlay)
2026-02-14 17:03:19,143 p=68352 u=lzy n=ansible | ok: [worker2] => (item=overlay)
2026-02-14 17:03:19,149 p=68352 u=lzy n=ansible | ok: [master3] => (item=overlay)
2026-02-14 17:03:19,203 p=68352 u=lzy n=ansible | ok: [master2] => (item=overlay)
2026-02-14 17:03:19,209 p=68352 u=lzy n=ansible | ok: [worker1] => (item=overlay)
2026-02-14 17:03:24,418 p=68352 u=lzy n=ansible | ok: [master1] => (item=br_netfilter)
2026-02-14 17:03:24,770 p=68352 u=lzy n=ansible | ok: [master2] => (item=br_netfilter)
2026-02-14 17:03:24,818 p=68352 u=lzy n=ansible | ok: [worker1] => (item=br_netfilter)
2026-02-14 17:03:24,834 p=68352 u=lzy n=ansible | ok: [worker2] => (item=br_netfilter)
2026-02-14 17:03:25,015 p=68352 u=lzy n=ansible | ok: [master3] => (item=br_netfilter)
2026-02-14 17:03:30,523 p=68352 u=lzy n=ansible | ok: [worker3] => (item=overlay)
2026-02-14 17:03:36,578 p=68352 u=lzy n=ansible | ok: [worker3] => (item=br_netfilter)
2026-02-14 17:03:36,582 p=68352 u=lzy n=ansible | TASK [common : Configure sysctl params for Kubernetes] *********************************************************************************************************
2026-02-14 17:03:42,491 p=68352 u=lzy n=ansible | ok: [master1] => (item={'key': 'net.bridge.bridge-nf-call-iptables', 'value': '1'})
2026-02-14 17:03:42,640 p=68352 u=lzy n=ansible | ok: [master2] => (item={'key': 'net.bridge.bridge-nf-call-iptables', 'value': '1'})
2026-02-14 17:03:42,655 p=68352 u=lzy n=ansible | ok: [master3] => (item={'key': 'net.bridge.bridge-nf-call-iptables', 'value': '1'})
2026-02-14 17:03:43,582 p=68352 u=lzy n=ansible | ok: [worker2] => (item={'key': 'net.bridge.bridge-nf-call-iptables', 'value': '1'})
2026-02-14 17:03:43,644 p=68352 u=lzy n=ansible | ok: [worker1] => (item={'key': 'net.bridge.bridge-nf-call-iptables', 'value': '1'})
2026-02-14 17:03:48,407 p=68352 u=lzy n=ansible | ok: [master3] => (item={'key': 'net.ipv4.ip_forward', 'value': '1'})
2026-02-14 17:03:48,524 p=68352 u=lzy n=ansible | ok: [master2] => (item={'key': 'net.ipv4.ip_forward', 'value': '1'})
2026-02-14 17:03:49,250 p=68352 u=lzy n=ansible | ok: [master1] => (item={'key': 'net.ipv4.ip_forward', 'value': '1'})
2026-02-14 17:03:50,540 p=68352 u=lzy n=ansible | ok: [worker2] => (item={'key': 'net.ipv4.ip_forward', 'value': '1'})
2026-02-14 17:03:50,661 p=68352 u=lzy n=ansible | ok: [worker1] => (item={'key': 'net.ipv4.ip_forward', 'value': '1'})
2026-02-14 17:03:54,134 p=68352 u=lzy n=ansible | ok: [master3] => (item={'key': 'net.bridge.bridge-nf-call-ip6tables', 'value': '1'})
2026-02-14 17:03:54,291 p=68352 u=lzy n=ansible | ok: [master2] => (item={'key': 'net.bridge.bridge-nf-call-ip6tables', 'value': '1'})
2026-02-14 17:03:55,237 p=68352 u=lzy n=ansible | ok: [master1] => (item={'key': 'net.bridge.bridge-nf-call-ip6tables', 'value': '1'})
2026-02-14 17:03:56,506 p=68352 u=lzy n=ansible | ok: [worker2] => (item={'key': 'net.bridge.bridge-nf-call-ip6tables', 'value': '1'})
2026-02-14 17:03:56,739 p=68352 u=lzy n=ansible | ok: [worker1] => (item={'key': 'net.bridge.bridge-nf-call-ip6tables', 'value': '1'})
2026-02-14 17:04:00,517 p=68352 u=lzy n=ansible | ok: [worker3] => (item={'key': 'net.bridge.bridge-nf-call-iptables', 'value': '1'})
2026-02-14 17:04:07,924 p=68352 u=lzy n=ansible | ok: [worker3] => (item={'key': 'net.ipv4.ip_forward', 'value': '1'})
2026-02-14 17:04:16,898 p=68352 u=lzy n=ansible | ok: [worker3] => (item={'key': 'net.bridge.bridge-nf-call-ip6tables', 'value': '1'})
2026-02-14 17:04:16,906 p=68352 u=lzy n=ansible | TASK [common : Install dependencies (Debian/Ubuntu)] ***********************************************************************************************************
2026-02-14 17:04:27,773 p=68352 u=lzy n=ansible | ok: [master1]
2026-02-14 17:04:28,049 p=68352 u=lzy n=ansible | ok: [worker1]
2026-02-14 17:04:28,085 p=68352 u=lzy n=ansible | ok: [master2]
2026-02-14 17:04:28,197 p=68352 u=lzy n=ansible | ok: [master3]
2026-02-14 17:04:28,674 p=68352 u=lzy n=ansible | ok: [worker2]
2026-02-14 17:04:41,334 p=68352 u=lzy n=ansible | ok: [worker3]
2026-02-14 17:04:41,338 p=68352 u=lzy n=ansible | TASK [common : Install dependencies (RHEL/CentOS)] *************************************************************************************************************
2026-02-14 17:04:41,359 p=68352 u=lzy n=ansible | skipping: [master1]
2026-02-14 17:04:41,369 p=68352 u=lzy n=ansible | skipping: [master2]
2026-02-14 17:04:41,382 p=68352 u=lzy n=ansible | skipping: [master3]
2026-02-14 17:04:41,392 p=68352 u=lzy n=ansible | skipping: [worker1]
2026-02-14 17:04:41,393 p=68352 u=lzy n=ansible | skipping: [worker2]
2026-02-14 17:04:41,400 p=68352 u=lzy n=ansible | skipping: [worker3]
2026-02-14 17:04:41,416 p=68352 u=lzy n=ansible | TASK [container_runtime : Ensure keyrings directory exists] ****************************************************************************************************
2026-02-14 17:04:47,432 p=68352 u=lzy n=ansible | ok: [master1]
2026-02-14 17:04:47,492 p=68352 u=lzy n=ansible | ok: [worker1]
2026-02-14 17:04:47,495 p=68352 u=lzy n=ansible | ok: [master2]
2026-02-14 17:04:47,721 p=68352 u=lzy n=ansible | ok: [worker2]
2026-02-14 17:04:48,701 p=68352 u=lzy n=ansible | ok: [master3]
2026-02-14 17:04:54,804 p=68352 u=lzy n=ansible | ok: [worker3]
2026-02-14 17:04:54,813 p=68352 u=lzy n=ansible | TASK [container_runtime : Download Docker public signing key] **************************************************************************************************
2026-02-14 17:05:01,062 p=68352 u=lzy n=ansible | ok: [master1]
2026-02-14 17:05:01,281 p=68352 u=lzy n=ansible | ok: [worker1]
2026-02-14 17:05:01,345 p=68352 u=lzy n=ansible | ok: [master2]
2026-02-14 17:05:01,487 p=68352 u=lzy n=ansible | ok: [worker2]
2026-02-14 17:05:02,527 p=68352 u=lzy n=ansible | ok: [master3]
2026-02-14 17:05:08,578 p=68352 u=lzy n=ansible | ok: [worker3]
2026-02-14 17:05:08,583 p=68352 u=lzy n=ansible | TASK [container_runtime : Add Docker Repository] ***************************************************************************************************************
2026-02-14 17:05:20,476 p=68352 u=lzy n=ansible | changed: [master2]
2026-02-14 17:05:20,560 p=68352 u=lzy n=ansible | changed: [worker1]
2026-02-14 17:05:20,672 p=68352 u=lzy n=ansible | changed: [master1]
2026-02-14 17:05:20,841 p=68352 u=lzy n=ansible | changed: [worker2]
2026-02-14 17:05:21,152 p=68352 u=lzy n=ansible | changed: [master3]
2026-02-14 17:05:33,348 p=68352 u=lzy n=ansible | changed: [worker3]
2026-02-14 17:05:33,352 p=68352 u=lzy n=ansible | TASK [container_runtime : Add Docker Repository] ***************************************************************************************************************
2026-02-14 17:05:33,376 p=68352 u=lzy n=ansible | skipping: [master1]
2026-02-14 17:05:33,388 p=68352 u=lzy n=ansible | skipping: [master2]
2026-02-14 17:05:33,401 p=68352 u=lzy n=ansible | skipping: [master3]
2026-02-14 17:05:33,412 p=68352 u=lzy n=ansible | skipping: [worker1]
2026-02-14 17:05:33,415 p=68352 u=lzy n=ansible | skipping: [worker2]
2026-02-14 17:05:33,420 p=68352 u=lzy n=ansible | skipping: [worker3]
2026-02-14 17:05:33,423 p=68352 u=lzy n=ansible | TASK [container_runtime : Install containerd] ******************************************************************************************************************
2026-02-14 17:05:40,626 p=68352 u=lzy n=ansible | ok: [master2]
2026-02-14 17:05:40,641 p=68352 u=lzy n=ansible | ok: [worker1]
2026-02-14 17:05:40,805 p=68352 u=lzy n=ansible | ok: [master3]
2026-02-14 17:05:40,808 p=68352 u=lzy n=ansible | ok: [worker2]
2026-02-14 17:05:40,817 p=68352 u=lzy n=ansible | ok: [master1]
2026-02-14 17:05:50,327 p=68352 u=lzy n=ansible | ok: [worker3]
2026-02-14 17:05:50,331 p=68352 u=lzy n=ansible | TASK [container_runtime : Create containerd config directory] **************************************************************************************************
2026-02-14 17:05:56,376 p=68352 u=lzy n=ansible | ok: [worker1]
2026-02-14 17:05:56,377 p=68352 u=lzy n=ansible | ok: [master2]
2026-02-14 17:05:56,559 p=68352 u=lzy n=ansible | ok: [master3]
2026-02-14 17:05:56,567 p=68352 u=lzy n=ansible | ok: [worker2]
2026-02-14 17:05:56,581 p=68352 u=lzy n=ansible | ok: [master1]
2026-02-14 17:06:04,205 p=68352 u=lzy n=ansible | ok: [worker3]
2026-02-14 17:06:04,208 p=68352 u=lzy n=ansible | TASK [container_runtime : Generate default containerd config] **************************************************************************************************
2026-02-14 17:06:10,222 p=68352 u=lzy n=ansible | ok: [master3]
2026-02-14 17:06:10,254 p=68352 u=lzy n=ansible | ok: [worker1]
2026-02-14 17:06:10,257 p=68352 u=lzy n=ansible | ok: [master2]
2026-02-14 17:06:10,292 p=68352 u=lzy n=ansible | ok: [master1]
2026-02-14 17:06:10,443 p=68352 u=lzy n=ansible | ok: [worker2]
2026-02-14 17:06:17,933 p=68352 u=lzy n=ansible | ok: [worker3]
2026-02-14 17:06:17,937 p=68352 u=lzy n=ansible | TASK [container_runtime : Configure SystemdCgroup in config.toml] **********************************************************************************************
2026-02-14 17:06:23,902 p=68352 u=lzy n=ansible | ok: [master3]
2026-02-14 17:06:23,918 p=68352 u=lzy n=ansible | ok: [worker2]
2026-02-14 17:06:23,951 p=68352 u=lzy n=ansible | ok: [master1]
2026-02-14 17:06:23,973 p=68352 u=lzy n=ansible | ok: [master2]
2026-02-14 17:06:23,996 p=68352 u=lzy n=ansible | ok: [worker1]
2026-02-14 17:06:31,537 p=68352 u=lzy n=ansible | ok: [worker3]
2026-02-14 17:06:31,540 p=68352 u=lzy n=ansible | TASK [container_runtime : Ensure containerd is started and enabled] ********************************************************************************************
2026-02-14 17:06:38,681 p=68352 u=lzy n=ansible | ok: [worker2]
2026-02-14 17:06:38,699 p=68352 u=lzy n=ansible | ok: [master3]
2026-02-14 17:06:38,726 p=68352 u=lzy n=ansible | ok: [master1]
2026-02-14 17:06:38,753 p=68352 u=lzy n=ansible | ok: [worker1]
2026-02-14 17:06:38,841 p=68352 u=lzy n=ansible | ok: [master2]
2026-02-14 17:06:47,781 p=68352 u=lzy n=ansible | ok: [worker3]
2026-02-14 17:06:47,802 p=68352 u=lzy n=ansible | TASK [kubernetes : Ensure keyrings directory exists] ***********************************************************************************************************
2026-02-14 17:06:53,608 p=68352 u=lzy n=ansible | ok: [master1]
2026-02-14 17:06:53,794 p=68352 u=lzy n=ansible | ok: [master3]
2026-02-14 17:06:53,800 p=68352 u=lzy n=ansible | ok: [worker2]
2026-02-14 17:06:53,879 p=68352 u=lzy n=ansible | ok: [worker1]
2026-02-14 17:06:53,879 p=68352 u=lzy n=ansible | ok: [master2]
2026-02-14 17:06:59,940 p=68352 u=lzy n=ansible | ok: [worker3]
2026-02-14 17:06:59,945 p=68352 u=lzy n=ansible | TASK [kubernetes : Download Kubernetes public signing key] *****************************************************************************************************
2026-02-14 17:07:06,229 p=68352 u=lzy n=ansible | changed: [master1]
2026-02-14 17:07:06,441 p=68352 u=lzy n=ansible | changed: [worker2]
2026-02-14 17:07:06,455 p=68352 u=lzy n=ansible | changed: [master3]
2026-02-14 17:07:06,528 p=68352 u=lzy n=ansible | changed: [master2]
2026-02-14 17:07:06,530 p=68352 u=lzy n=ansible | changed: [worker1]
2026-02-14 17:07:14,094 p=68352 u=lzy n=ansible | changed: [worker3]
2026-02-14 17:07:14,098 p=68352 u=lzy n=ansible | TASK [kubernetes : Add Kubernetes apt repository] **************************************************************************************************************
2026-02-14 17:07:25,524 p=68352 u=lzy n=ansible | changed: [master1]
2026-02-14 17:07:26,153 p=68352 u=lzy n=ansible | changed: [master2]
2026-02-14 17:07:26,231 p=68352 u=lzy n=ansible | changed: [worker1]
2026-02-14 17:07:26,274 p=68352 u=lzy n=ansible | changed: [master3]
2026-02-14 17:07:26,303 p=68352 u=lzy n=ansible | changed: [worker2]
2026-02-14 17:07:39,013 p=68352 u=lzy n=ansible | changed: [worker3]
2026-02-14 17:07:39,018 p=68352 u=lzy n=ansible | TASK [kubernetes : Install Kubernetes binaries] ****************************************************************************************************************
2026-02-14 17:08:00,845 p=68352 u=lzy n=ansible | changed: [worker1]
2026-02-14 17:08:00,924 p=68352 u=lzy n=ansible | changed: [master2]
2026-02-14 17:08:01,050 p=68352 u=lzy n=ansible | changed: [master1]
2026-02-14 17:08:01,368 p=68352 u=lzy n=ansible | changed: [master3]
2026-02-14 17:08:02,036 p=68352 u=lzy n=ansible | changed: [worker2]
2026-02-14 17:08:21,588 p=68352 u=lzy n=ansible | changed: [worker3]
2026-02-14 17:08:21,594 p=68352 u=lzy n=ansible | TASK [kubernetes : Hold Kubernetes binaries] *******************************************************************************************************************
2026-02-14 17:08:27,550 p=68352 u=lzy n=ansible | changed: [master1] => (item=kubelet)
2026-02-14 17:08:27,659 p=68352 u=lzy n=ansible | changed: [master3] => (item=kubelet)
2026-02-14 17:08:27,659 p=68352 u=lzy n=ansible | changed: [worker2] => (item=kubelet)
2026-02-14 17:08:27,840 p=68352 u=lzy n=ansible | changed: [worker1] => (item=kubelet)
2026-02-14 17:08:27,911 p=68352 u=lzy n=ansible | changed: [master2] => (item=kubelet)
2026-02-14 17:08:33,309 p=68352 u=lzy n=ansible | changed: [master1] => (item=kubeadm)
2026-02-14 17:08:33,361 p=68352 u=lzy n=ansible | changed: [worker2] => (item=kubeadm)
2026-02-14 17:08:33,390 p=68352 u=lzy n=ansible | changed: [master3] => (item=kubeadm)
2026-02-14 17:08:33,640 p=68352 u=lzy n=ansible | changed: [worker1] => (item=kubeadm)
2026-02-14 17:08:33,708 p=68352 u=lzy n=ansible | changed: [master2] => (item=kubeadm)
2026-02-14 17:08:38,836 p=68352 u=lzy n=ansible | changed: [master1] => (item=kubectl)
2026-02-14 17:08:39,116 p=68352 u=lzy n=ansible | changed: [master3] => (item=kubectl)
2026-02-14 17:08:39,320 p=68352 u=lzy n=ansible | changed: [worker2] => (item=kubectl)
2026-02-14 17:08:39,429 p=68352 u=lzy n=ansible | changed: [worker1] => (item=kubectl)
2026-02-14 17:08:39,502 p=68352 u=lzy n=ansible | changed: [master2] => (item=kubectl)
2026-02-14 17:08:45,498 p=68352 u=lzy n=ansible | changed: [worker3] => (item=kubelet)
2026-02-14 17:08:52,104 p=68352 u=lzy n=ansible | changed: [worker3] => (item=kubeadm)
2026-02-14 17:08:58,455 p=68352 u=lzy n=ansible | changed: [worker3] => (item=kubectl)
2026-02-14 17:08:58,460 p=68352 u=lzy n=ansible | TASK [kubernetes : Add Kubernetes yum repository] **************************************************************************************************************
2026-02-14 17:08:58,483 p=68352 u=lzy n=ansible | skipping: [master1]
2026-02-14 17:08:58,514 p=68352 u=lzy n=ansible | skipping: [master2]
2026-02-14 17:08:58,524 p=68352 u=lzy n=ansible | skipping: [master3]
2026-02-14 17:08:58,532 p=68352 u=lzy n=ansible | skipping: [worker1]
2026-02-14 17:08:58,533 p=68352 u=lzy n=ansible | skipping: [worker2]
2026-02-14 17:08:58,538 p=68352 u=lzy n=ansible | skipping: [worker3]
2026-02-14 17:08:58,542 p=68352 u=lzy n=ansible | TASK [kubernetes : Install Kubernetes binaries] ****************************************************************************************************************
2026-02-14 17:08:58,556 p=68352 u=lzy n=ansible | skipping: [master1]
2026-02-14 17:08:58,564 p=68352 u=lzy n=ansible | skipping: [master2]
2026-02-14 17:08:58,583 p=68352 u=lzy n=ansible | skipping: [master3]
2026-02-14 17:08:58,594 p=68352 u=lzy n=ansible | skipping: [worker1]
2026-02-14 17:08:58,594 p=68352 u=lzy n=ansible | skipping: [worker2]
2026-02-14 17:08:58,599 p=68352 u=lzy n=ansible | skipping: [worker3]
2026-02-14 17:08:58,602 p=68352 u=lzy n=ansible | TASK [kubernetes : Enable kubelet] *****************************************************************************************************************************
2026-02-14 17:08:58,618 p=68352 u=lzy n=ansible | skipping: [master1]
2026-02-14 17:08:58,625 p=68352 u=lzy n=ansible | skipping: [master2]
2026-02-14 17:08:58,653 p=68352 u=lzy n=ansible | skipping: [master3]
2026-02-14 17:08:58,661 p=68352 u=lzy n=ansible | skipping: [worker1]
2026-02-14 17:08:58,662 p=68352 u=lzy n=ansible | skipping: [worker2]
2026-02-14 17:08:58,668 p=68352 u=lzy n=ansible | skipping: [worker3]
2026-02-14 17:08:58,671 p=68352 u=lzy n=ansible | TASK [kubernetes : Enable kubelet] *****************************************************************************************************************************
2026-02-14 17:09:05,402 p=68352 u=lzy n=ansible | changed: [master1]
2026-02-14 17:09:05,461 p=68352 u=lzy n=ansible | changed: [master3]
2026-02-14 17:09:05,504 p=68352 u=lzy n=ansible | changed: [master2]
2026-02-14 17:09:05,712 p=68352 u=lzy n=ansible | changed: [worker2]
2026-02-14 17:09:05,736 p=68352 u=lzy n=ansible | changed: [worker1]
2026-02-14 17:09:12,510 p=68352 u=lzy n=ansible | changed: [worker3]
2026-02-14 17:09:12,529 p=68352 u=lzy n=ansible | PLAY [masters] *************************************************************************************************************************************************
2026-02-14 17:09:12,534 p=68352 u=lzy n=ansible | TASK [Gathering Facts] *****************************************************************************************************************************************
2026-02-14 17:09:19,542 p=68352 u=lzy n=ansible | ok: [master1]
2026-02-14 17:09:19,824 p=68352 u=lzy n=ansible | ok: [master3]
2026-02-14 17:09:19,834 p=68352 u=lzy n=ansible | ok: [master2]
2026-02-14 17:09:19,837 p=68352 u=lzy n=ansible | TASK [master : Check if Kubernetes is already initialized] *****************************************************************************************************
2026-02-14 17:09:25,395 p=68352 u=lzy n=ansible | ok: [master1]
2026-02-14 17:09:25,571 p=68352 u=lzy n=ansible | ok: [master3]
2026-02-14 17:09:25,608 p=68352 u=lzy n=ansible | ok: [master2]
2026-02-14 17:09:25,611 p=68352 u=lzy n=ansible | TASK [master : Initialize Kubernetes Master] *******************************************************************************************************************
2026-02-14 17:09:30,936 p=68352 u=lzy n=ansible | fatal: [master1]: FAILED! => {"changed": true, "cmd": ["kubeadm", "init", "--pod-network-cidr=192.168.0.0/16", "--service-cidr=10.96.0.0/12", "--apiserver-advertise-address=argocd-lab-api-nlb-be856fd470bf79aa.elb.us-east-1.amazonaws.com"], "delta": "0:00:00.033721", "end": "2026-02-14 10:09:30.307851", "msg": "non-zero return code", "rc": 1, "start": "2026-02-14 10:09:30.274130", "stderr": "couldn't use \"argocd-lab-api-nlb-be856fd470bf79aa.elb.us-east-1.amazonaws.com\" as \"apiserver-advertise-address\", must be ipv4 or ipv6 address\nTo see the stack trace of this error execute with --v=5 or higher", "stderr_lines": ["couldn't use \"argocd-lab-api-nlb-be856fd470bf79aa.elb.us-east-1.amazonaws.com\" as \"apiserver-advertise-address\", must be ipv4 or ipv6 address", "To see the stack trace of this error execute with --v=5 or higher"], "stdout": "", "stdout_lines": []}
2026-02-14 17:09:31,136 p=68352 u=lzy n=ansible | fatal: [master3]: FAILED! => {"changed": true, "cmd": ["kubeadm", "init", "--pod-network-cidr=192.168.0.0/16", "--service-cidr=10.96.0.0/12", "--apiserver-advertise-address=argocd-lab-api-nlb-be856fd470bf79aa.elb.us-east-1.amazonaws.com"], "delta": "0:00:00.034047", "end": "2026-02-14 10:09:30.483042", "msg": "non-zero return code", "rc": 1, "start": "2026-02-14 10:09:30.448995", "stderr": "couldn't use \"argocd-lab-api-nlb-be856fd470bf79aa.elb.us-east-1.amazonaws.com\" as \"apiserver-advertise-address\", must be ipv4 or ipv6 address\nTo see the stack trace of this error execute with --v=5 or higher", "stderr_lines": ["couldn't use \"argocd-lab-api-nlb-be856fd470bf79aa.elb.us-east-1.amazonaws.com\" as \"apiserver-advertise-address\", must be ipv4 or ipv6 address", "To see the stack trace of this error execute with --v=5 or higher"], "stdout": "", "stdout_lines": []}
2026-02-14 17:09:31,242 p=68352 u=lzy n=ansible | fatal: [master2]: FAILED! => {"changed": true, "cmd": ["kubeadm", "init", "--pod-network-cidr=192.168.0.0/16", "--service-cidr=10.96.0.0/12", "--apiserver-advertise-address=argocd-lab-api-nlb-be856fd470bf79aa.elb.us-east-1.amazonaws.com"], "delta": "0:00:00.033759", "end": "2026-02-14 10:09:30.572561", "msg": "non-zero return code", "rc": 1, "start": "2026-02-14 10:09:30.538802", "stderr": "couldn't use \"argocd-lab-api-nlb-be856fd470bf79aa.elb.us-east-1.amazonaws.com\" as \"apiserver-advertise-address\", must be ipv4 or ipv6 address\nTo see the stack trace of this error execute with --v=5 or higher", "stderr_lines": ["couldn't use \"argocd-lab-api-nlb-be856fd470bf79aa.elb.us-east-1.amazonaws.com\" as \"apiserver-advertise-address\", must be ipv4 or ipv6 address", "To see the stack trace of this error execute with --v=5 or higher"], "stdout": "", "stdout_lines": []}
2026-02-14 17:09:31,243 p=68352 u=lzy n=ansible | PLAY RECAP *****************************************************************************************************************************************************
2026-02-14 17:09:31,243 p=68352 u=lzy n=ansible | master1                    : ok=26   changed=9    unreachable=0    failed=1    skipped=6    rescued=0    ignored=0   
2026-02-14 17:09:31,243 p=68352 u=lzy n=ansible | master2                    : ok=26   changed=9    unreachable=0    failed=1    skipped=6    rescued=0    ignored=0   
2026-02-14 17:09:31,244 p=68352 u=lzy n=ansible | master3                    : ok=26   changed=9    unreachable=0    failed=1    skipped=6    rescued=0    ignored=0   
2026-02-14 17:09:31,244 p=68352 u=lzy n=ansible | worker1                    : ok=24   changed=9    unreachable=0    failed=0    skipped=6    rescued=0    ignored=0   
2026-02-14 17:09:31,244 p=68352 u=lzy n=ansible | worker2                    : ok=24   changed=9    unreachable=0    failed=0    skipped=6    rescued=0    ignored=0   
2026-02-14 17:09:31,244 p=68352 u=lzy n=ansible | worker3                    : ok=24   changed=9    unreachable=0    failed=0    skipped=6    rescued=0    ignored=0   
2026-02-14 17:13:49,595 p=78266 u=lzy n=ansible | PLAY [all] *****************************************************************************************************************************************************
2026-02-14 17:13:49,611 p=78266 u=lzy n=ansible | TASK [Gathering Facts] *****************************************************************************************************************************************
2026-02-14 17:13:51,823 p=78266 u=lzy n=ansible |  [ERROR]: User interrupted execution

2026-02-14 17:13:58,750 p=78432 u=lzy n=ansible | PLAY [all] *****************************************************************************************************************************************************
2026-02-14 17:13:58,759 p=78432 u=lzy n=ansible | TASK [Gathering Facts] *****************************************************************************************************************************************
2026-02-14 17:14:07,615 p=78432 u=lzy n=ansible | [WARNING]: Platform linux on host worker2 is using the discovered Python interpreter at /usr/bin/python3.12, but future installation of another Python
interpreter could change the meaning of that path. See https://docs.ansible.com/ansible-core/2.17/reference_appendices/interpreter_discovery.html for more
information.

2026-02-14 17:14:07,616 p=78432 u=lzy n=ansible | ok: [worker2]
2026-02-14 17:14:07,617 p=78432 u=lzy n=ansible | [WARNING]: Platform linux on host master1 is using the discovered Python interpreter at /usr/bin/python3.12, but future installation of another Python
interpreter could change the meaning of that path. See https://docs.ansible.com/ansible-core/2.17/reference_appendices/interpreter_discovery.html for more
information.

2026-02-14 17:14:07,617 p=78432 u=lzy n=ansible | ok: [master1]
2026-02-14 17:14:07,645 p=78432 u=lzy n=ansible | [WARNING]: Platform linux on host worker1 is using the discovered Python interpreter at /usr/bin/python3.12, but future installation of another Python
interpreter could change the meaning of that path. See https://docs.ansible.com/ansible-core/2.17/reference_appendices/interpreter_discovery.html for more
information.

2026-02-14 17:14:07,645 p=78432 u=lzy n=ansible | ok: [worker1]
2026-02-14 17:14:07,671 p=78432 u=lzy n=ansible | [WARNING]: Platform linux on host master2 is using the discovered Python interpreter at /usr/bin/python3.12, but future installation of another Python
interpreter could change the meaning of that path. See https://docs.ansible.com/ansible-core/2.17/reference_appendices/interpreter_discovery.html for more
information.

2026-02-14 17:14:07,672 p=78432 u=lzy n=ansible | ok: [master2]
2026-02-14 17:14:07,727 p=78432 u=lzy n=ansible | [WARNING]: Platform linux on host master3 is using the discovered Python interpreter at /usr/bin/python3.12, but future installation of another Python
interpreter could change the meaning of that path. See https://docs.ansible.com/ansible-core/2.17/reference_appendices/interpreter_discovery.html for more
information.

2026-02-14 17:14:07,727 p=78432 u=lzy n=ansible | ok: [master3]
2026-02-14 17:14:20,131 p=78432 u=lzy n=ansible | [WARNING]: Platform linux on host worker3 is using the discovered Python interpreter at /usr/bin/python3.12, but future installation of another Python
interpreter could change the meaning of that path. See https://docs.ansible.com/ansible-core/2.17/reference_appendices/interpreter_discovery.html for more
information.

2026-02-14 17:14:20,131 p=78432 u=lzy n=ansible | ok: [worker3]
2026-02-14 17:14:20,135 p=78432 u=lzy n=ansible | TASK [cleanup : Cleanup existing Docker and Kubernetes entries in sources.list] ********************************************************************************
2026-02-14 17:14:26,087 p=78432 u=lzy n=ansible | ok: [worker2]
2026-02-14 17:14:26,136 p=78432 u=lzy n=ansible | ok: [worker1]
2026-02-14 17:14:26,136 p=78432 u=lzy n=ansible | ok: [master1]
2026-02-14 17:14:26,189 p=78432 u=lzy n=ansible | ok: [master2]
2026-02-14 17:14:26,193 p=78432 u=lzy n=ansible | ok: [master3]
2026-02-14 17:14:32,065 p=78432 u=lzy n=ansible | ok: [worker3]
2026-02-14 17:14:32,071 p=78432 u=lzy n=ansible | TASK [cleanup : Remove legacy Docker and Kubernetes GPG keys] **************************************************************************************************
2026-02-14 17:14:38,528 p=78432 u=lzy n=ansible | ok: [worker2] => (item=0EBFCD88)
2026-02-14 17:14:38,579 p=78432 u=lzy n=ansible | ok: [master1] => (item=0EBFCD88)
2026-02-14 17:14:38,588 p=78432 u=lzy n=ansible | ok: [worker1] => (item=0EBFCD88)
2026-02-14 17:14:38,622 p=78432 u=lzy n=ansible | ok: [master2] => (item=0EBFCD88)
2026-02-14 17:14:38,636 p=78432 u=lzy n=ansible | ok: [master3] => (item=0EBFCD88)
2026-02-14 17:14:45,643 p=78432 u=lzy n=ansible | ok: [worker3] => (item=0EBFCD88)
2026-02-14 17:14:45,651 p=78432 u=lzy n=ansible | TASK [cleanup : Remove legacy Kubernetes GPG key by URL] *******************************************************************************************************
2026-02-14 17:14:52,180 p=78432 u=lzy n=ansible | ok: [worker2]
2026-02-14 17:14:52,210 p=78432 u=lzy n=ansible | ok: [worker1]
2026-02-14 17:14:52,245 p=78432 u=lzy n=ansible | ok: [master2]
2026-02-14 17:14:52,294 p=78432 u=lzy n=ansible | ok: [master3]
2026-02-14 17:14:55,255 p=78432 u=lzy n=ansible | ok: [master1]
2026-02-14 17:14:58,963 p=78432 u=lzy n=ansible | ok: [worker3]
2026-02-14 17:14:58,971 p=78432 u=lzy n=ansible | TASK [cleanup : Remove conflicting repository files in sources.list.d] *****************************************************************************************
2026-02-14 17:15:04,981 p=78432 u=lzy n=ansible | changed: [worker2] => (item=docker.list)
2026-02-14 17:15:05,004 p=78432 u=lzy n=ansible | changed: [worker1] => (item=docker.list)
2026-02-14 17:15:05,052 p=78432 u=lzy n=ansible | changed: [master2] => (item=docker.list)
2026-02-14 17:15:05,076 p=78432 u=lzy n=ansible | changed: [master3] => (item=docker.list)
2026-02-14 17:15:06,887 p=78432 u=lzy n=ansible | changed: [master1] => (item=docker.list)
2026-02-14 17:15:10,591 p=78432 u=lzy n=ansible | ok: [worker2] => (item=download_docker_com_linux_ubuntu.list)
2026-02-14 17:15:10,684 p=78432 u=lzy n=ansible | ok: [worker1] => (item=download_docker_com_linux_ubuntu.list)
2026-02-14 17:15:10,779 p=78432 u=lzy n=ansible | ok: [master2] => (item=download_docker_com_linux_ubuntu.list)
2026-02-14 17:15:10,808 p=78432 u=lzy n=ansible | ok: [master3] => (item=download_docker_com_linux_ubuntu.list)
2026-02-14 17:15:16,206 p=78432 u=lzy n=ansible | changed: [worker2] => (item=kubernetes.list)
2026-02-14 17:15:16,370 p=78432 u=lzy n=ansible | changed: [worker1] => (item=kubernetes.list)
2026-02-14 17:15:16,493 p=78432 u=lzy n=ansible | changed: [master2] => (item=kubernetes.list)
2026-02-14 17:15:16,548 p=78432 u=lzy n=ansible | changed: [master3] => (item=kubernetes.list)
2026-02-14 17:15:17,277 p=78432 u=lzy n=ansible | ok: [master1] => (item=download_docker_com_linux_ubuntu.list)
2026-02-14 17:15:22,439 p=78432 u=lzy n=ansible | changed: [worker3] => (item=docker.list)
2026-02-14 17:15:28,657 p=78432 u=lzy n=ansible | ok: [worker3] => (item=download_docker_com_linux_ubuntu.list)
2026-02-14 17:15:31,023 p=78432 u=lzy n=ansible | changed: [master1] => (item=kubernetes.list)
2026-02-14 17:15:34,880 p=78432 u=lzy n=ansible | changed: [worker3] => (item=kubernetes.list)
2026-02-14 17:15:34,905 p=78432 u=lzy n=ansible | TASK [common : Disable swap immediately] ***********************************************************************************************************************
2026-02-14 17:15:34,925 p=78432 u=lzy n=ansible | skipping: [master1]
2026-02-14 17:15:34,933 p=78432 u=lzy n=ansible | skipping: [master2]
2026-02-14 17:15:34,941 p=78432 u=lzy n=ansible | skipping: [master3]
2026-02-14 17:15:34,950 p=78432 u=lzy n=ansible | skipping: [worker1]
2026-02-14 17:15:34,950 p=78432 u=lzy n=ansible | skipping: [worker2]
2026-02-14 17:15:34,955 p=78432 u=lzy n=ansible | skipping: [worker3]
2026-02-14 17:15:34,958 p=78432 u=lzy n=ansible | TASK [common : Remove swap from /etc/fstab] ********************************************************************************************************************
2026-02-14 17:15:40,854 p=78432 u=lzy n=ansible | ok: [worker2]
2026-02-14 17:15:40,921 p=78432 u=lzy n=ansible | ok: [worker1]
2026-02-14 17:15:40,952 p=78432 u=lzy n=ansible | ok: [master2]
2026-02-14 17:15:40,959 p=78432 u=lzy n=ansible | ok: [master3]
2026-02-14 17:15:43,137 p=78432 u=lzy n=ansible | ok: [master1]
2026-02-14 17:15:47,075 p=78432 u=lzy n=ansible | ok: [worker3]
2026-02-14 17:15:47,079 p=78432 u=lzy n=ansible | TASK [common : Load kernel modules for containerd] *************************************************************************************************************
2026-02-14 17:15:53,043 p=78432 u=lzy n=ansible | ok: [worker2]
2026-02-14 17:15:53,122 p=78432 u=lzy n=ansible | ok: [worker1]
2026-02-14 17:15:53,149 p=78432 u=lzy n=ansible | ok: [master2]
2026-02-14 17:15:53,153 p=78432 u=lzy n=ansible | ok: [master3]
2026-02-14 17:15:53,379 p=78432 u=lzy n=ansible | ok: [master1]
2026-02-14 17:15:59,251 p=78432 u=lzy n=ansible | ok: [worker3]
2026-02-14 17:15:59,258 p=78432 u=lzy n=ansible | TASK [common : Modprobe kernel modules] ************************************************************************************************************************
2026-02-14 17:16:05,200 p=78432 u=lzy n=ansible | ok: [worker2] => (item=overlay)
2026-02-14 17:16:05,247 p=78432 u=lzy n=ansible | ok: [worker1] => (item=overlay)
2026-02-14 17:16:05,261 p=78432 u=lzy n=ansible | ok: [master1] => (item=overlay)
2026-02-14 17:16:05,290 p=78432 u=lzy n=ansible | ok: [master2] => (item=overlay)
2026-02-14 17:16:05,306 p=78432 u=lzy n=ansible | ok: [master3] => (item=overlay)
2026-02-14 17:16:10,755 p=78432 u=lzy n=ansible | ok: [master2] => (item=br_netfilter)
2026-02-14 17:16:10,804 p=78432 u=lzy n=ansible | ok: [worker2] => (item=br_netfilter)
2026-02-14 17:16:10,928 p=78432 u=lzy n=ansible | ok: [master1] => (item=br_netfilter)
2026-02-14 17:16:10,939 p=78432 u=lzy n=ansible | ok: [worker1] => (item=br_netfilter)
2026-02-14 17:16:11,041 p=78432 u=lzy n=ansible | ok: [master3] => (item=br_netfilter)
2026-02-14 17:16:16,750 p=78432 u=lzy n=ansible | ok: [worker3] => (item=overlay)
2026-02-14 17:16:22,479 p=78432 u=lzy n=ansible | ok: [worker3] => (item=br_netfilter)
2026-02-14 17:16:22,487 p=78432 u=lzy n=ansible | TASK [common : Configure sysctl params for Kubernetes] *********************************************************************************************************
2026-02-14 17:16:28,519 p=78432 u=lzy n=ansible | ok: [worker1] => (item={'key': 'net.bridge.bridge-nf-call-iptables', 'value': '1'})
2026-02-14 17:16:28,539 p=78432 u=lzy n=ansible | ok: [master3] => (item={'key': 'net.bridge.bridge-nf-call-iptables', 'value': '1'})
2026-02-14 17:16:29,488 p=78432 u=lzy n=ansible | ok: [master1] => (item={'key': 'net.bridge.bridge-nf-call-iptables', 'value': '1'})
2026-02-14 17:16:29,502 p=78432 u=lzy n=ansible | ok: [worker2] => (item={'key': 'net.bridge.bridge-nf-call-iptables', 'value': '1'})
2026-02-14 17:16:29,536 p=78432 u=lzy n=ansible | ok: [master2] => (item={'key': 'net.bridge.bridge-nf-call-iptables', 'value': '1'})
2026-02-14 17:16:34,288 p=78432 u=lzy n=ansible | ok: [master3] => (item={'key': 'net.ipv4.ip_forward', 'value': '1'})
2026-02-14 17:16:35,197 p=78432 u=lzy n=ansible | ok: [worker1] => (item={'key': 'net.ipv4.ip_forward', 'value': '1'})
2026-02-14 17:16:36,122 p=78432 u=lzy n=ansible | ok: [worker2] => (item={'key': 'net.ipv4.ip_forward', 'value': '1'})
2026-02-14 17:16:36,400 p=78432 u=lzy n=ansible | ok: [master1] => (item={'key': 'net.ipv4.ip_forward', 'value': '1'})
2026-02-14 17:16:36,533 p=78432 u=lzy n=ansible | ok: [master2] => (item={'key': 'net.ipv4.ip_forward', 'value': '1'})
2026-02-14 17:16:40,023 p=78432 u=lzy n=ansible | ok: [master3] => (item={'key': 'net.bridge.bridge-nf-call-ip6tables', 'value': '1'})
2026-02-14 17:16:41,120 p=78432 u=lzy n=ansible | ok: [worker1] => (item={'key': 'net.bridge.bridge-nf-call-ip6tables', 'value': '1'})
2026-02-14 17:16:42,542 p=78432 u=lzy n=ansible | ok: [worker2] => (item={'key': 'net.bridge.bridge-nf-call-ip6tables', 'value': '1'})
2026-02-14 17:16:42,564 p=78432 u=lzy n=ansible | ok: [master2] => (item={'key': 'net.bridge.bridge-nf-call-ip6tables', 'value': '1'})
2026-02-14 17:16:43,341 p=78432 u=lzy n=ansible | ok: [master1] => (item={'key': 'net.bridge.bridge-nf-call-ip6tables', 'value': '1'})
2026-02-14 17:16:45,998 p=78432 u=lzy n=ansible | ok: [worker3] => (item={'key': 'net.bridge.bridge-nf-call-iptables', 'value': '1'})
2026-02-14 17:16:52,705 p=78432 u=lzy n=ansible | ok: [worker3] => (item={'key': 'net.ipv4.ip_forward', 'value': '1'})
2026-02-14 17:16:58,688 p=78432 u=lzy n=ansible | ok: [worker3] => (item={'key': 'net.bridge.bridge-nf-call-ip6tables', 'value': '1'})
2026-02-14 17:16:58,692 p=78432 u=lzy n=ansible | TASK [common : Install dependencies (Debian/Ubuntu)] ***********************************************************************************************************
2026-02-14 17:17:09,822 p=78432 u=lzy n=ansible | ok: [master1]
2026-02-14 17:17:09,908 p=78432 u=lzy n=ansible | ok: [master2]
2026-02-14 17:17:09,922 p=78432 u=lzy n=ansible | ok: [worker1]
2026-02-14 17:17:10,261 p=78432 u=lzy n=ansible | ok: [master3]
2026-02-14 17:17:10,491 p=78432 u=lzy n=ansible | ok: [worker2]
2026-02-14 17:17:20,846 p=78432 u=lzy n=ansible | ok: [worker3]
2026-02-14 17:17:20,857 p=78432 u=lzy n=ansible | TASK [common : Install dependencies (RHEL/CentOS)] *************************************************************************************************************
2026-02-14 17:17:20,874 p=78432 u=lzy n=ansible | skipping: [master1]
2026-02-14 17:17:20,892 p=78432 u=lzy n=ansible | skipping: [master2]
2026-02-14 17:17:20,904 p=78432 u=lzy n=ansible | skipping: [master3]
2026-02-14 17:17:20,915 p=78432 u=lzy n=ansible | skipping: [worker1]
2026-02-14 17:17:20,928 p=78432 u=lzy n=ansible | skipping: [worker2]
2026-02-14 17:17:20,933 p=78432 u=lzy n=ansible | skipping: [worker3]
2026-02-14 17:17:20,955 p=78432 u=lzy n=ansible | TASK [container_runtime : Ensure keyrings directory exists] ****************************************************************************************************
2026-02-14 17:17:26,908 p=78432 u=lzy n=ansible | ok: [master1]
2026-02-14 17:17:26,934 p=78432 u=lzy n=ansible | ok: [worker1]
2026-02-14 17:17:26,944 p=78432 u=lzy n=ansible | ok: [master2]
2026-02-14 17:17:26,962 p=78432 u=lzy n=ansible | ok: [master3]
2026-02-14 17:17:27,132 p=78432 u=lzy n=ansible | ok: [worker2]
2026-02-14 17:17:32,882 p=78432 u=lzy n=ansible | ok: [worker3]
2026-02-14 17:17:32,892 p=78432 u=lzy n=ansible | TASK [container_runtime : Download Docker public signing key] **************************************************************************************************
2026-02-14 17:17:39,246 p=78432 u=lzy n=ansible | ok: [worker2]
2026-02-14 17:17:39,280 p=78432 u=lzy n=ansible | ok: [master1]
2026-02-14 17:17:39,317 p=78432 u=lzy n=ansible | ok: [worker1]
2026-02-14 17:17:39,367 p=78432 u=lzy n=ansible | ok: [master2]
2026-02-14 17:17:39,369 p=78432 u=lzy n=ansible | ok: [master3]
2026-02-14 17:17:45,869 p=78432 u=lzy n=ansible | ok: [worker3]
2026-02-14 17:17:45,875 p=78432 u=lzy n=ansible | TASK [container_runtime : Add Docker Repository] ***************************************************************************************************************
2026-02-14 17:17:57,468 p=78432 u=lzy n=ansible | changed: [master1]
2026-02-14 17:17:57,660 p=78432 u=lzy n=ansible | changed: [master2]
2026-02-14 17:17:57,667 p=78432 u=lzy n=ansible | changed: [worker1]
2026-02-14 17:17:59,126 p=78432 u=lzy n=ansible | changed: [master3]
2026-02-14 17:17:59,755 p=78432 u=lzy n=ansible | changed: [worker2]
2026-02-14 17:18:10,263 p=78432 u=lzy n=ansible | changed: [worker3]
2026-02-14 17:18:10,270 p=78432 u=lzy n=ansible | TASK [container_runtime : Add Docker Repository] ***************************************************************************************************************
2026-02-14 17:18:10,290 p=78432 u=lzy n=ansible | skipping: [master1]
2026-02-14 17:18:10,298 p=78432 u=lzy n=ansible | skipping: [master2]
2026-02-14 17:18:10,312 p=78432 u=lzy n=ansible | skipping: [master3]
2026-02-14 17:18:10,319 p=78432 u=lzy n=ansible | skipping: [worker1]
2026-02-14 17:18:10,326 p=78432 u=lzy n=ansible | skipping: [worker3]
2026-02-14 17:18:10,326 p=78432 u=lzy n=ansible | skipping: [worker2]
2026-02-14 17:18:10,331 p=78432 u=lzy n=ansible | TASK [container_runtime : Install containerd] ******************************************************************************************************************
2026-02-14 17:18:17,723 p=78432 u=lzy n=ansible | ok: [master1]
2026-02-14 17:18:17,824 p=78432 u=lzy n=ansible | ok: [master2]
2026-02-14 17:18:17,843 p=78432 u=lzy n=ansible | ok: [worker1]
2026-02-14 17:18:17,920 p=78432 u=lzy n=ansible | ok: [master3]
2026-02-14 17:18:19,734 p=78432 u=lzy n=ansible | ok: [worker2]
2026-02-14 17:18:24,750 p=78432 u=lzy n=ansible | ok: [worker3]
2026-02-14 17:18:24,754 p=78432 u=lzy n=ansible | TASK [container_runtime : Create containerd config directory] **************************************************************************************************
2026-02-14 17:18:30,735 p=78432 u=lzy n=ansible | ok: [master1]
2026-02-14 17:18:30,759 p=78432 u=lzy n=ansible | ok: [worker1]
2026-02-14 17:18:30,790 p=78432 u=lzy n=ansible | ok: [master2]
2026-02-14 17:18:30,807 p=78432 u=lzy n=ansible | ok: [master3]
2026-02-14 17:18:31,765 p=78432 u=lzy n=ansible | ok: [worker2]
2026-02-14 17:18:38,050 p=78432 u=lzy n=ansible | ok: [worker3]
2026-02-14 17:18:38,056 p=78432 u=lzy n=ansible | TASK [container_runtime : Generate default containerd config] **************************************************************************************************
2026-02-14 17:18:44,039 p=78432 u=lzy n=ansible | ok: [master1]
2026-02-14 17:18:44,060 p=78432 u=lzy n=ansible | ok: [worker1]
2026-02-14 17:18:44,092 p=78432 u=lzy n=ansible | ok: [master2]
2026-02-14 17:18:44,137 p=78432 u=lzy n=ansible | ok: [master3]
2026-02-14 17:18:44,754 p=78432 u=lzy n=ansible | ok: [worker2]
2026-02-14 17:18:50,743 p=78432 u=lzy n=ansible | ok: [worker3]
2026-02-14 17:18:50,746 p=78432 u=lzy n=ansible | TASK [container_runtime : Configure SystemdCgroup in config.toml] **********************************************************************************************
2026-02-14 17:18:56,679 p=78432 u=lzy n=ansible | ok: [master1]
2026-02-14 17:18:56,708 p=78432 u=lzy n=ansible | ok: [worker1]
2026-02-14 17:18:56,736 p=78432 u=lzy n=ansible | ok: [master2]
2026-02-14 17:18:56,759 p=78432 u=lzy n=ansible | ok: [master3]
2026-02-14 17:18:57,392 p=78432 u=lzy n=ansible | ok: [worker2]
2026-02-14 17:19:03,319 p=78432 u=lzy n=ansible | ok: [worker3]
2026-02-14 17:19:03,327 p=78432 u=lzy n=ansible | TASK [container_runtime : Ensure containerd is started and enabled] ********************************************************************************************
2026-02-14 17:19:10,330 p=78432 u=lzy n=ansible | ok: [master3]
2026-02-14 17:19:10,388 p=78432 u=lzy n=ansible | ok: [master1]
2026-02-14 17:19:10,468 p=78432 u=lzy n=ansible | ok: [worker1]
2026-02-14 17:19:10,527 p=78432 u=lzy n=ansible | ok: [master2]
2026-02-14 17:19:11,766 p=78432 u=lzy n=ansible | ok: [worker2]
2026-02-14 17:19:17,779 p=78432 u=lzy n=ansible | ok: [worker3]
2026-02-14 17:19:17,805 p=78432 u=lzy n=ansible | TASK [kubernetes : Ensure keyrings directory exists] ***********************************************************************************************************
2026-02-14 17:19:23,753 p=78432 u=lzy n=ansible | ok: [master1]
2026-02-14 17:19:23,786 p=78432 u=lzy n=ansible | ok: [worker1]
2026-02-14 17:19:23,823 p=78432 u=lzy n=ansible | ok: [master2]
2026-02-14 17:19:23,844 p=78432 u=lzy n=ansible | ok: [master3]
2026-02-14 17:19:24,273 p=78432 u=lzy n=ansible | ok: [worker2]
2026-02-14 17:19:29,771 p=78432 u=lzy n=ansible | ok: [worker3]
2026-02-14 17:19:29,778 p=78432 u=lzy n=ansible | TASK [kubernetes : Download Kubernetes public signing key] *****************************************************************************************************
2026-02-14 17:19:36,143 p=78432 u=lzy n=ansible | ok: [master1]
2026-02-14 17:19:36,222 p=78432 u=lzy n=ansible | ok: [worker1]
2026-02-14 17:19:36,314 p=78432 u=lzy n=ansible | ok: [master3]
2026-02-14 17:19:36,314 p=78432 u=lzy n=ansible | ok: [master2]
2026-02-14 17:19:36,655 p=78432 u=lzy n=ansible | ok: [worker2]
2026-02-14 17:19:42,582 p=78432 u=lzy n=ansible | ok: [worker3]
2026-02-14 17:19:42,586 p=78432 u=lzy n=ansible | TASK [kubernetes : Add Kubernetes apt repository] **************************************************************************************************************
2026-02-14 17:19:54,525 p=78432 u=lzy n=ansible | changed: [worker1]
2026-02-14 17:19:54,532 p=78432 u=lzy n=ansible | changed: [master1]
2026-02-14 17:19:54,648 p=78432 u=lzy n=ansible | changed: [master2]
2026-02-14 17:19:54,935 p=78432 u=lzy n=ansible | changed: [master3]
2026-02-14 17:19:54,977 p=78432 u=lzy n=ansible | changed: [worker2]
2026-02-14 17:20:07,846 p=78432 u=lzy n=ansible | changed: [worker3]
2026-02-14 17:20:07,850 p=78432 u=lzy n=ansible | TASK [kubernetes : Install Kubernetes binaries] ****************************************************************************************************************
2026-02-14 17:20:16,123 p=78432 u=lzy n=ansible | ok: [master1]
2026-02-14 17:20:16,206 p=78432 u=lzy n=ansible | ok: [worker1]
2026-02-14 17:20:16,356 p=78432 u=lzy n=ansible | ok: [master2]
2026-02-14 17:20:16,390 p=78432 u=lzy n=ansible | ok: [master3]
2026-02-14 17:20:16,451 p=78432 u=lzy n=ansible | ok: [worker2]
2026-02-14 17:20:25,960 p=78432 u=lzy n=ansible | ok: [worker3]
2026-02-14 17:20:25,967 p=78432 u=lzy n=ansible | TASK [kubernetes : Hold Kubernetes binaries] *******************************************************************************************************************
2026-02-14 17:20:31,945 p=78432 u=lzy n=ansible | ok: [worker2] => (item=kubelet)
2026-02-14 17:20:31,971 p=78432 u=lzy n=ansible | ok: [master1] => (item=kubelet)
2026-02-14 17:20:32,006 p=78432 u=lzy n=ansible | ok: [worker1] => (item=kubelet)
2026-02-14 17:20:32,010 p=78432 u=lzy n=ansible | ok: [master2] => (item=kubelet)
2026-02-14 17:20:32,049 p=78432 u=lzy n=ansible | ok: [master3] => (item=kubelet)
2026-02-14 17:20:37,631 p=78432 u=lzy n=ansible | ok: [master1] => (item=kubeadm)
2026-02-14 17:20:37,691 p=78432 u=lzy n=ansible | ok: [worker1] => (item=kubeadm)
2026-02-14 17:20:37,735 p=78432 u=lzy n=ansible | ok: [master2] => (item=kubeadm)
2026-02-14 17:20:37,783 p=78432 u=lzy n=ansible | ok: [master3] => (item=kubeadm)
2026-02-14 17:20:37,859 p=78432 u=lzy n=ansible | ok: [worker2] => (item=kubeadm)
2026-02-14 17:20:43,325 p=78432 u=lzy n=ansible | ok: [master1] => (item=kubectl)
2026-02-14 17:20:43,404 p=78432 u=lzy n=ansible | ok: [worker1] => (item=kubectl)
2026-02-14 17:20:43,514 p=78432 u=lzy n=ansible | ok: [worker2] => (item=kubectl)
2026-02-14 17:20:43,524 p=78432 u=lzy n=ansible | ok: [master2] => (item=kubectl)
2026-02-14 17:20:43,791 p=78432 u=lzy n=ansible | ok: [master3] => (item=kubectl)
2026-02-14 17:20:50,058 p=78432 u=lzy n=ansible | ok: [worker3] => (item=kubelet)
2026-02-14 17:20:56,541 p=78432 u=lzy n=ansible | ok: [worker3] => (item=kubeadm)
2026-02-14 17:21:03,054 p=78432 u=lzy n=ansible | ok: [worker3] => (item=kubectl)
2026-02-14 17:21:03,061 p=78432 u=lzy n=ansible | TASK [kubernetes : Add Kubernetes yum repository] **************************************************************************************************************
2026-02-14 17:21:03,074 p=78432 u=lzy n=ansible | skipping: [master1]
2026-02-14 17:21:03,085 p=78432 u=lzy n=ansible | skipping: [master2]
2026-02-14 17:21:03,110 p=78432 u=lzy n=ansible | skipping: [master3]
2026-02-14 17:21:03,129 p=78432 u=lzy n=ansible | skipping: [worker1]
2026-02-14 17:21:03,130 p=78432 u=lzy n=ansible | skipping: [worker2]
2026-02-14 17:21:03,134 p=78432 u=lzy n=ansible | skipping: [worker3]
2026-02-14 17:21:03,138 p=78432 u=lzy n=ansible | TASK [kubernetes : Install Kubernetes binaries] ****************************************************************************************************************
2026-02-14 17:21:03,157 p=78432 u=lzy n=ansible | skipping: [master1]
2026-02-14 17:21:03,165 p=78432 u=lzy n=ansible | skipping: [master2]
2026-02-14 17:21:03,177 p=78432 u=lzy n=ansible | skipping: [master3]
2026-02-14 17:21:03,184 p=78432 u=lzy n=ansible | skipping: [worker1]
2026-02-14 17:21:03,191 p=78432 u=lzy n=ansible | skipping: [worker3]
2026-02-14 17:21:03,191 p=78432 u=lzy n=ansible | skipping: [worker2]
2026-02-14 17:21:03,195 p=78432 u=lzy n=ansible | TASK [kubernetes : Enable kubelet] *****************************************************************************************************************************
2026-02-14 17:21:03,213 p=78432 u=lzy n=ansible | skipping: [master1]
2026-02-14 17:21:03,223 p=78432 u=lzy n=ansible | skipping: [master2]
2026-02-14 17:21:03,234 p=78432 u=lzy n=ansible | skipping: [master3]
2026-02-14 17:21:03,243 p=78432 u=lzy n=ansible | skipping: [worker1]
2026-02-14 17:21:03,244 p=78432 u=lzy n=ansible | skipping: [worker2]
2026-02-14 17:21:03,248 p=78432 u=lzy n=ansible | skipping: [worker3]
2026-02-14 17:21:03,252 p=78432 u=lzy n=ansible | TASK [kubernetes : Enable kubelet] *****************************************************************************************************************************
2026-02-14 17:21:09,934 p=78432 u=lzy n=ansible | ok: [master1]
2026-02-14 17:21:09,966 p=78432 u=lzy n=ansible | ok: [worker1]
2026-02-14 17:21:10,038 p=78432 u=lzy n=ansible | ok: [master3]
2026-02-14 17:21:10,128 p=78432 u=lzy n=ansible | ok: [worker2]
2026-02-14 17:21:10,222 p=78432 u=lzy n=ansible | ok: [master2]
2026-02-14 17:21:17,168 p=78432 u=lzy n=ansible | ok: [worker3]
2026-02-14 17:21:17,186 p=78432 u=lzy n=ansible | PLAY [masters] *************************************************************************************************************************************************
2026-02-14 17:21:17,191 p=78432 u=lzy n=ansible | TASK [Gathering Facts] *****************************************************************************************************************************************
2026-02-14 17:21:24,374 p=78432 u=lzy n=ansible | ok: [master1]
2026-02-14 17:21:24,417 p=78432 u=lzy n=ansible | ok: [master2]
2026-02-14 17:21:24,541 p=78432 u=lzy n=ansible | ok: [master3]
2026-02-14 17:21:24,544 p=78432 u=lzy n=ansible | TASK [master : Check if Kubernetes is already initialized] *****************************************************************************************************
2026-02-14 17:21:30,302 p=78432 u=lzy n=ansible | ok: [master1]
2026-02-14 17:21:30,330 p=78432 u=lzy n=ansible | ok: [master2]
2026-02-14 17:21:30,372 p=78432 u=lzy n=ansible | ok: [master3]
2026-02-14 17:21:30,375 p=78432 u=lzy n=ansible | TASK [master : Initialize Kubernetes Master] *******************************************************************************************************************
2026-02-14 17:21:30,396 p=78432 u=lzy n=ansible | skipping: [master2]
2026-02-14 17:21:30,401 p=78432 u=lzy n=ansible | skipping: [master3]
2026-02-14 17:21:36,254 p=78432 u=lzy n=ansible | fatal: [master1]: FAILED! => {"changed": true, "cmd": ["kubeadm", "init", "--pod-network-cidr=192.168.0.0/16", "--service-cidr=10.96.0.0/12", "--apiserver-advertise-address=10.1.1.232", "--control-plane-endpoint=argocd-lab-api-nlb-be856fd470bf79aa.elb.us-east-1.amazonaws.com:6443", "--upload-certs"], "delta": "0:00:00.194718", "end": "2026-02-14 10:21:35.596263", "msg": "non-zero return code", "rc": 1, "start": "2026-02-14 10:21:35.401545", "stderr": "I0214 10:21:35.461633   13593 version.go:256] remote version is much newer: v1.35.1; falling back to: stable-1.28\nerror execution phase preflight: [preflight] Some fatal errors occurred:\n\t[ERROR CRI]: container runtime is not running: output: time=\"2026-02-14T10:21:35Z\" level=fatal msg=\"validate service connection: validate CRI v1 runtime API for endpoint \\\"unix:///var/run/containerd/containerd.sock\\\": rpc error: code = Unimplemented desc = unknown service runtime.v1.RuntimeService\"\n, error: exit status 1\n[preflight] If you know what you are doing, you can make a check non-fatal with `--ignore-preflight-errors=...`\nTo see the stack trace of this error execute with --v=5 or higher", "stderr_lines": ["I0214 10:21:35.461633   13593 version.go:256] remote version is much newer: v1.35.1; falling back to: stable-1.28", "error execution phase preflight: [preflight] Some fatal errors occurred:", "\t[ERROR CRI]: container runtime is not running: output: time=\"2026-02-14T10:21:35Z\" level=fatal msg=\"validate service connection: validate CRI v1 runtime API for endpoint \\\"unix:///var/run/containerd/containerd.sock\\\": rpc error: code = Unimplemented desc = unknown service runtime.v1.RuntimeService\"", ", error: exit status 1", "[preflight] If you know what you are doing, you can make a check non-fatal with `--ignore-preflight-errors=...`", "To see the stack trace of this error execute with --v=5 or higher"], "stdout": "[init] Using Kubernetes version: v1.28.15\n[preflight] Running pre-flight checks", "stdout_lines": ["[init] Using Kubernetes version: v1.28.15", "[preflight] Running pre-flight checks"]}
2026-02-14 17:21:36,258 p=78432 u=lzy n=ansible | TASK [master : Create .kube directory] *************************************************************************************************************************
2026-02-14 17:21:42,258 p=78432 u=lzy n=ansible | changed: [master2]
2026-02-14 17:21:42,279 p=78432 u=lzy n=ansible | changed: [master3]
2026-02-14 17:21:42,286 p=78432 u=lzy n=ansible | TASK [master : Copy admin.conf to user's kube config] **********************************************************************************************************
2026-02-14 17:21:48,082 p=78432 u=lzy n=ansible | fatal: [master2]: FAILED! => {"changed": false, "msg": "Source /etc/kubernetes/admin.conf not found"}
2026-02-14 17:21:48,098 p=78432 u=lzy n=ansible | fatal: [master3]: FAILED! => {"changed": false, "msg": "Source /etc/kubernetes/admin.conf not found"}
2026-02-14 17:21:48,102 p=78432 u=lzy n=ansible | PLAY RECAP *****************************************************************************************************************************************************
2026-02-14 17:21:48,102 p=78432 u=lzy n=ansible | master1                    : ok=26   changed=3    unreachable=0    failed=1    skipped=6    rescued=0    ignored=0   
2026-02-14 17:21:48,103 p=78432 u=lzy n=ansible | master2                    : ok=27   changed=4    unreachable=0    failed=1    skipped=7    rescued=0    ignored=0   
2026-02-14 17:21:48,103 p=78432 u=lzy n=ansible | master3                    : ok=27   changed=4    unreachable=0    failed=1    skipped=7    rescued=0    ignored=0   
2026-02-14 17:21:48,103 p=78432 u=lzy n=ansible | worker1                    : ok=24   changed=3    unreachable=0    failed=0    skipped=6    rescued=0    ignored=0   
2026-02-14 17:21:48,103 p=78432 u=lzy n=ansible | worker2                    : ok=24   changed=3    unreachable=0    failed=0    skipped=6    rescued=0    ignored=0   
2026-02-14 17:21:48,103 p=78432 u=lzy n=ansible | worker3                    : ok=24   changed=3    unreachable=0    failed=0    skipped=6    rescued=0    ignored=0   
2026-02-14 17:23:38,603 p=87024 u=lzy n=ansible | PLAY [all] *****************************************************************************************************************************************************
2026-02-14 17:23:38,612 p=87024 u=lzy n=ansible | TASK [Gathering Facts] *****************************************************************************************************************************************
2026-02-14 17:23:40,552 p=87024 u=lzy n=ansible |  [ERROR]: User interrupted execution

2026-02-14 17:24:01,519 p=87265 u=lzy n=ansible | PLAY [masters] *************************************************************************************************************************************************
2026-02-14 17:24:01,524 p=87265 u=lzy n=ansible | TASK [Gathering Facts] *****************************************************************************************************************************************
2026-02-14 17:24:05,168 p=87265 u=lzy n=ansible |  [ERROR]: User interrupted execution

2026-02-14 17:24:30,116 p=87534 u=lzy n=ansible | PLAY [all] *****************************************************************************************************************************************************
2026-02-14 17:24:30,123 p=87534 u=lzy n=ansible | TASK [Gathering Facts] *****************************************************************************************************************************************
2026-02-14 17:24:38,944 p=87534 u=lzy n=ansible | [WARNING]: Platform linux on host master1 is using the discovered Python interpreter at /usr/bin/python3.12, but future installation of another Python
interpreter could change the meaning of that path. See https://docs.ansible.com/ansible-core/2.17/reference_appendices/interpreter_discovery.html for more
information.

2026-02-14 17:24:38,944 p=87534 u=lzy n=ansible | ok: [master1]
2026-02-14 17:24:39,155 p=87534 u=lzy n=ansible | [WARNING]: Platform linux on host master3 is using the discovered Python interpreter at /usr/bin/python3.12, but future installation of another Python
interpreter could change the meaning of that path. See https://docs.ansible.com/ansible-core/2.17/reference_appendices/interpreter_discovery.html for more
information.

2026-02-14 17:24:39,155 p=87534 u=lzy n=ansible | ok: [master3]
2026-02-14 17:24:39,159 p=87534 u=lzy n=ansible | [WARNING]: Platform linux on host master2 is using the discovered Python interpreter at /usr/bin/python3.12, but future installation of another Python
interpreter could change the meaning of that path. See https://docs.ansible.com/ansible-core/2.17/reference_appendices/interpreter_discovery.html for more
information.

2026-02-14 17:24:39,159 p=87534 u=lzy n=ansible | ok: [master2]
2026-02-14 17:24:41,229 p=87534 u=lzy n=ansible | [WARNING]: Platform linux on host worker2 is using the discovered Python interpreter at /usr/bin/python3.12, but future installation of another Python
interpreter could change the meaning of that path. See https://docs.ansible.com/ansible-core/2.17/reference_appendices/interpreter_discovery.html for more
information.

2026-02-14 17:24:41,229 p=87534 u=lzy n=ansible | ok: [worker2]
2026-02-14 17:24:41,496 p=87534 u=lzy n=ansible | [WARNING]: Platform linux on host worker1 is using the discovered Python interpreter at /usr/bin/python3.12, but future installation of another Python
interpreter could change the meaning of that path. See https://docs.ansible.com/ansible-core/2.17/reference_appendices/interpreter_discovery.html for more
information.

2026-02-14 17:24:41,496 p=87534 u=lzy n=ansible | ok: [worker1]
2026-02-14 17:24:50,750 p=87534 u=lzy n=ansible | [WARNING]: Platform linux on host worker3 is using the discovered Python interpreter at /usr/bin/python3.12, but future installation of another Python
interpreter could change the meaning of that path. See https://docs.ansible.com/ansible-core/2.17/reference_appendices/interpreter_discovery.html for more
information.

2026-02-14 17:24:50,750 p=87534 u=lzy n=ansible | ok: [worker3]
2026-02-14 17:24:50,754 p=87534 u=lzy n=ansible | TASK [container_runtime : Ensure keyrings directory exists] ****************************************************************************************************
2026-02-14 17:24:56,765 p=87534 u=lzy n=ansible | ok: [worker2]
2026-02-14 17:24:56,776 p=87534 u=lzy n=ansible | ok: [master1]
2026-02-14 17:24:56,910 p=87534 u=lzy n=ansible | ok: [worker1]
2026-02-14 17:24:56,914 p=87534 u=lzy n=ansible | ok: [master3]
2026-02-14 17:24:56,939 p=87534 u=lzy n=ansible | ok: [master2]
2026-02-14 17:25:03,192 p=87534 u=lzy n=ansible | ok: [worker3]
2026-02-14 17:25:03,195 p=87534 u=lzy n=ansible | TASK [container_runtime : Download Docker public signing key] **************************************************************************************************
2026-02-14 17:25:09,655 p=87534 u=lzy n=ansible | ok: [worker2]
2026-02-14 17:25:09,668 p=87534 u=lzy n=ansible | ok: [master1]
2026-02-14 17:25:09,769 p=87534 u=lzy n=ansible | ok: [worker1]
2026-02-14 17:25:09,772 p=87534 u=lzy n=ansible | ok: [master3]
2026-02-14 17:25:09,792 p=87534 u=lzy n=ansible | ok: [master2]
2026-02-14 17:25:16,276 p=87534 u=lzy n=ansible | ok: [worker3]
2026-02-14 17:25:16,280 p=87534 u=lzy n=ansible | TASK [container_runtime : Add Docker Repository] ***************************************************************************************************************
2026-02-14 17:25:22,694 p=87534 u=lzy n=ansible | ok: [worker2]
2026-02-14 17:25:22,696 p=87534 u=lzy n=ansible | ok: [master1]
2026-02-14 17:25:22,898 p=87534 u=lzy n=ansible | ok: [master3]
2026-02-14 17:25:22,898 p=87534 u=lzy n=ansible | ok: [worker1]
2026-02-14 17:25:22,899 p=87534 u=lzy n=ansible | ok: [master2]
2026-02-14 17:25:29,155 p=87534 u=lzy n=ansible | ok: [worker3]
2026-02-14 17:25:29,161 p=87534 u=lzy n=ansible | TASK [container_runtime : Add Docker Repository] ***************************************************************************************************************
2026-02-14 17:25:29,175 p=87534 u=lzy n=ansible | skipping: [master1]
2026-02-14 17:25:29,182 p=87534 u=lzy n=ansible | skipping: [master2]
2026-02-14 17:25:29,201 p=87534 u=lzy n=ansible | skipping: [master3]
2026-02-14 17:25:29,211 p=87534 u=lzy n=ansible | skipping: [worker1]
2026-02-14 17:25:29,213 p=87534 u=lzy n=ansible | skipping: [worker2]
2026-02-14 17:25:29,216 p=87534 u=lzy n=ansible | skipping: [worker3]
2026-02-14 17:25:29,225 p=87534 u=lzy n=ansible | TASK [container_runtime : Install containerd] ******************************************************************************************************************
2026-02-14 17:25:36,311 p=87534 u=lzy n=ansible | ok: [master1]
2026-02-14 17:25:36,364 p=87534 u=lzy n=ansible | ok: [worker2]
2026-02-14 17:25:36,420 p=87534 u=lzy n=ansible | ok: [worker1]
2026-02-14 17:25:36,445 p=87534 u=lzy n=ansible | ok: [master3]
2026-02-14 17:25:36,451 p=87534 u=lzy n=ansible | ok: [master2]
2026-02-14 17:25:43,768 p=87534 u=lzy n=ansible | ok: [worker3]
2026-02-14 17:25:43,774 p=87534 u=lzy n=ansible | TASK [container_runtime : Create containerd config directory] **************************************************************************************************
2026-02-14 17:25:49,690 p=87534 u=lzy n=ansible | ok: [worker2]
2026-02-14 17:25:49,714 p=87534 u=lzy n=ansible | ok: [master1]
2026-02-14 17:25:49,834 p=87534 u=lzy n=ansible | ok: [worker1]
2026-02-14 17:25:49,859 p=87534 u=lzy n=ansible | ok: [master3]
2026-02-14 17:25:49,864 p=87534 u=lzy n=ansible | ok: [master2]
2026-02-14 17:25:55,760 p=87534 u=lzy n=ansible | ok: [worker3]
2026-02-14 17:25:55,765 p=87534 u=lzy n=ansible | TASK [container_runtime : Generate default containerd config] **************************************************************************************************
2026-02-14 17:26:01,790 p=87534 u=lzy n=ansible | changed: [worker2]
2026-02-14 17:26:01,831 p=87534 u=lzy n=ansible | changed: [master1]
2026-02-14 17:26:01,924 p=87534 u=lzy n=ansible | changed: [worker1]
2026-02-14 17:26:01,967 p=87534 u=lzy n=ansible | changed: [master2]
2026-02-14 17:26:02,363 p=87534 u=lzy n=ansible | changed: [master3]
2026-02-14 17:30:25,305 p=87534 u=lzy n=ansible |  [ERROR]: User interrupted execution

2026-02-14 17:30:26,665 p=91541 u=lzy n=ansible | PLAY [all] *****************************************************************************************************************************************************
2026-02-14 17:30:26,672 p=91541 u=lzy n=ansible | TASK [Gathering Facts] *****************************************************************************************************************************************
2026-02-14 17:30:37,904 p=91541 u=lzy n=ansible | [WARNING]: Platform linux on host master1 is using the discovered Python interpreter at /usr/bin/python3.12, but future installation of another Python
interpreter could change the meaning of that path. See https://docs.ansible.com/ansible-core/2.17/reference_appendices/interpreter_discovery.html for more
information.

2026-02-14 17:30:37,904 p=91541 u=lzy n=ansible | ok: [master1]
2026-02-14 17:30:38,200 p=91541 u=lzy n=ansible | [WARNING]: Platform linux on host master3 is using the discovered Python interpreter at /usr/bin/python3.12, but future installation of another Python
interpreter could change the meaning of that path. See https://docs.ansible.com/ansible-core/2.17/reference_appendices/interpreter_discovery.html for more
information.

2026-02-14 17:30:38,200 p=91541 u=lzy n=ansible | ok: [master3]
2026-02-14 17:30:38,202 p=91541 u=lzy n=ansible | [WARNING]: Platform linux on host worker2 is using the discovered Python interpreter at /usr/bin/python3.12, but future installation of another Python
interpreter could change the meaning of that path. See https://docs.ansible.com/ansible-core/2.17/reference_appendices/interpreter_discovery.html for more
information.

2026-02-14 17:30:38,202 p=91541 u=lzy n=ansible | ok: [worker2]
2026-02-14 17:30:38,281 p=91541 u=lzy n=ansible | [WARNING]: Platform linux on host worker1 is using the discovered Python interpreter at /usr/bin/python3.12, but future installation of another Python
interpreter could change the meaning of that path. See https://docs.ansible.com/ansible-core/2.17/reference_appendices/interpreter_discovery.html for more
information.

2026-02-14 17:30:38,281 p=91541 u=lzy n=ansible | ok: [worker1]
2026-02-14 17:30:38,328 p=91541 u=lzy n=ansible | [WARNING]: Platform linux on host master2 is using the discovered Python interpreter at /usr/bin/python3.12, but future installation of another Python
interpreter could change the meaning of that path. See https://docs.ansible.com/ansible-core/2.17/reference_appendices/interpreter_discovery.html for more
information.

2026-02-14 17:30:38,328 p=91541 u=lzy n=ansible | ok: [master2]
2026-02-14 17:31:27,002 p=91541 u=lzy n=ansible |  [ERROR]: User interrupted execution

2026-02-14 17:32:32,386 p=92832 u=lzy n=ansible | PLAY [all] *****************************************************************************************************************************************************
2026-02-14 17:32:32,393 p=92832 u=lzy n=ansible | TASK [Gathering Facts] *****************************************************************************************************************************************
2026-02-14 17:32:43,903 p=92832 u=lzy n=ansible | [WARNING]: Platform linux on host master1 is using the discovered Python interpreter at /usr/bin/python3.12, but future installation of another Python
interpreter could change the meaning of that path. See https://docs.ansible.com/ansible-core/2.17/reference_appendices/interpreter_discovery.html for more
information.

2026-02-14 17:32:43,904 p=92832 u=lzy n=ansible | ok: [master1]
2026-02-14 17:32:43,975 p=92832 u=lzy n=ansible | [WARNING]: Platform linux on host worker2 is using the discovered Python interpreter at /usr/bin/python3.12, but future installation of another Python
interpreter could change the meaning of that path. See https://docs.ansible.com/ansible-core/2.17/reference_appendices/interpreter_discovery.html for more
information.

2026-02-14 17:32:43,975 p=92832 u=lzy n=ansible | ok: [worker2]
2026-02-14 17:32:43,978 p=92832 u=lzy n=ansible | [WARNING]: Platform linux on host master3 is using the discovered Python interpreter at /usr/bin/python3.12, but future installation of another Python
interpreter could change the meaning of that path. See https://docs.ansible.com/ansible-core/2.17/reference_appendices/interpreter_discovery.html for more
information.

2026-02-14 17:32:43,978 p=92832 u=lzy n=ansible | ok: [master3]
2026-02-14 17:32:44,052 p=92832 u=lzy n=ansible | [WARNING]: Platform linux on host master2 is using the discovered Python interpreter at /usr/bin/python3.12, but future installation of another Python
interpreter could change the meaning of that path. See https://docs.ansible.com/ansible-core/2.17/reference_appendices/interpreter_discovery.html for more
information.

2026-02-14 17:32:44,052 p=92832 u=lzy n=ansible | ok: [master2]
2026-02-14 17:32:44,053 p=92832 u=lzy n=ansible | [WARNING]: Platform linux on host worker1 is using the discovered Python interpreter at /usr/bin/python3.12, but future installation of another Python
interpreter could change the meaning of that path. See https://docs.ansible.com/ansible-core/2.17/reference_appendices/interpreter_discovery.html for more
information.

2026-02-14 17:32:44,053 p=92832 u=lzy n=ansible | ok: [worker1]
2026-02-14 17:33:32,807 p=92832 u=lzy n=ansible |  [ERROR]: User interrupted execution

2026-02-14 17:35:39,251 p=94534 u=lzy n=ansible | PLAY [all] *****************************************************************************************************************************************************
2026-02-14 17:35:39,267 p=94534 u=lzy n=ansible | TASK [Gathering Facts] *****************************************************************************************************************************************
2026-02-14 17:35:50,721 p=94534 u=lzy n=ansible | [WARNING]: Platform linux on host worker2 is using the discovered Python interpreter at /usr/bin/python3.12, but future installation of another Python
interpreter could change the meaning of that path. See https://docs.ansible.com/ansible-core/2.17/reference_appendices/interpreter_discovery.html for more
information.

2026-02-14 17:35:50,721 p=94534 u=lzy n=ansible | ok: [worker2]
2026-02-14 17:35:50,745 p=94534 u=lzy n=ansible | [WARNING]: Platform linux on host master2 is using the discovered Python interpreter at /usr/bin/python3.12, but future installation of another Python
interpreter could change the meaning of that path. See https://docs.ansible.com/ansible-core/2.17/reference_appendices/interpreter_discovery.html for more
information.

2026-02-14 17:35:50,745 p=94534 u=lzy n=ansible | ok: [master2]
2026-02-14 17:35:50,772 p=94534 u=lzy n=ansible | [WARNING]: Platform linux on host master3 is using the discovered Python interpreter at /usr/bin/python3.12, but future installation of another Python
interpreter could change the meaning of that path. See https://docs.ansible.com/ansible-core/2.17/reference_appendices/interpreter_discovery.html for more
information.

2026-02-14 17:35:50,772 p=94534 u=lzy n=ansible | ok: [master3]
2026-02-14 17:35:50,898 p=94534 u=lzy n=ansible | [WARNING]: Platform linux on host master1 is using the discovered Python interpreter at /usr/bin/python3.12, but future installation of another Python
interpreter could change the meaning of that path. See https://docs.ansible.com/ansible-core/2.17/reference_appendices/interpreter_discovery.html for more
information.

2026-02-14 17:35:50,899 p=94534 u=lzy n=ansible | ok: [master1]
2026-02-14 17:35:51,253 p=94534 u=lzy n=ansible | [WARNING]: Platform linux on host worker1 is using the discovered Python interpreter at /usr/bin/python3.12, but future installation of another Python
interpreter could change the meaning of that path. See https://docs.ansible.com/ansible-core/2.17/reference_appendices/interpreter_discovery.html for more
information.

2026-02-14 17:35:51,253 p=94534 u=lzy n=ansible | ok: [worker1]
2026-02-14 17:36:34,807 p=94534 u=lzy n=ansible |  [ERROR]: User interrupted execution

2026-02-14 17:43:00,511 p=99309 u=lzy n=ansible | PLAY [all] *****************************************************************************************************************************************************
2026-02-14 17:43:00,536 p=99309 u=lzy n=ansible | TASK [Gathering Facts] *****************************************************************************************************************************************
2026-02-14 17:43:02,790 p=99309 u=lzy n=ansible | fatal: [worker2]: UNREACHABLE! => {"changed": false, "msg": "Failed to connect to the host via ssh: Warning: Permanently added '3.80.79.203' (ED25519) to the list of known hosts.\r\nubuntu@3.80.79.203: Permission denied (publickey).", "unreachable": true}
2026-02-14 17:43:02,819 p=99309 u=lzy n=ansible | fatal: [master2]: UNREACHABLE! => {"changed": false, "msg": "Failed to connect to the host via ssh: Warning: Permanently added '54.167.124.69' (ED25519) to the list of known hosts.\r\nubuntu@54.167.124.69: Permission denied (publickey).", "unreachable": true}
2026-02-14 17:43:02,851 p=99309 u=lzy n=ansible | fatal: [master1]: UNREACHABLE! => {"changed": false, "msg": "Failed to connect to the host via ssh: Warning: Permanently added '98.80.72.24' (ED25519) to the list of known hosts.\r\nubuntu@98.80.72.24: Permission denied (publickey).", "unreachable": true}
2026-02-14 17:43:02,904 p=99309 u=lzy n=ansible | fatal: [master3]: UNREACHABLE! => {"changed": false, "msg": "Failed to connect to the host via ssh: Warning: Permanently added '54.147.42.17' (ED25519) to the list of known hosts.\r\nubuntu@54.147.42.17: Permission denied (publickey).", "unreachable": true}
2026-02-14 17:43:03,033 p=99309 u=lzy n=ansible | fatal: [worker1]: UNREACHABLE! => {"changed": false, "msg": "Failed to connect to the host via ssh: Warning: Permanently added '54.80.2.30' (ED25519) to the list of known hosts.\r\nubuntu@54.80.2.30: Permission denied (publickey).", "unreachable": true}
2026-02-14 17:43:05,033 p=99309 u=lzy n=ansible | fatal: [worker3]: UNREACHABLE! => {"changed": false, "msg": "Failed to connect to the host via ssh: Warning: Permanently added '54.175.48.46' (ED25519) to the list of known hosts.\r\nubuntu@54.175.48.46: Permission denied (publickey).", "unreachable": true}
2026-02-14 17:43:05,034 p=99309 u=lzy n=ansible | PLAY RECAP *****************************************************************************************************************************************************
2026-02-14 17:43:05,035 p=99309 u=lzy n=ansible | master1                    : ok=0    changed=0    unreachable=1    failed=0    skipped=0    rescued=0    ignored=0   
2026-02-14 17:43:05,035 p=99309 u=lzy n=ansible | master2                    : ok=0    changed=0    unreachable=1    failed=0    skipped=0    rescued=0    ignored=0   
2026-02-14 17:43:05,035 p=99309 u=lzy n=ansible | master3                    : ok=0    changed=0    unreachable=1    failed=0    skipped=0    rescued=0    ignored=0   
2026-02-14 17:43:05,035 p=99309 u=lzy n=ansible | worker1                    : ok=0    changed=0    unreachable=1    failed=0    skipped=0    rescued=0    ignored=0   
2026-02-14 17:43:05,035 p=99309 u=lzy n=ansible | worker2                    : ok=0    changed=0    unreachable=1    failed=0    skipped=0    rescued=0    ignored=0   
2026-02-14 17:43:05,035 p=99309 u=lzy n=ansible | worker3                    : ok=0    changed=0    unreachable=1    failed=0    skipped=0    rescued=0    ignored=0   
2026-02-14 17:43:45,425 p=99704 u=lzy n=ansible | PLAY [all] *****************************************************************************************************************************************************
2026-02-14 17:43:45,437 p=99704 u=lzy n=ansible | TASK [Gathering Facts] *****************************************************************************************************************************************
2026-02-14 17:43:47,613 p=99704 u=lzy n=ansible | fatal: [master2]: UNREACHABLE! => {"changed": false, "msg": "Failed to connect to the host via ssh: ubuntu@54.167.124.69: Permission denied (publickey).", "unreachable": true}
2026-02-14 17:43:47,615 p=99704 u=lzy n=ansible | fatal: [master3]: UNREACHABLE! => {"changed": false, "msg": "Failed to connect to the host via ssh: ubuntu@54.147.42.17: Permission denied (publickey).", "unreachable": true}
2026-02-14 17:43:47,647 p=99704 u=lzy n=ansible | fatal: [worker1]: UNREACHABLE! => {"changed": false, "msg": "Failed to connect to the host via ssh: ubuntu@54.80.2.30: Permission denied (publickey).", "unreachable": true}
2026-02-14 17:43:47,650 p=99704 u=lzy n=ansible | fatal: [master1]: UNREACHABLE! => {"changed": false, "msg": "Failed to connect to the host via ssh: ubuntu@98.80.72.24: Permission denied (publickey).", "unreachable": true}
2026-02-14 17:43:47,677 p=99704 u=lzy n=ansible | fatal: [worker2]: UNREACHABLE! => {"changed": false, "msg": "Failed to connect to the host via ssh: ubuntu@3.80.79.203: Permission denied (publickey).", "unreachable": true}
2026-02-14 17:43:49,840 p=99704 u=lzy n=ansible | fatal: [worker3]: UNREACHABLE! => {"changed": false, "msg": "Failed to connect to the host via ssh: ubuntu@54.175.48.46: Permission denied (publickey).", "unreachable": true}
2026-02-14 17:43:49,841 p=99704 u=lzy n=ansible | PLAY RECAP *****************************************************************************************************************************************************
2026-02-14 17:43:49,841 p=99704 u=lzy n=ansible | master1                    : ok=0    changed=0    unreachable=1    failed=0    skipped=0    rescued=0    ignored=0   
2026-02-14 17:43:49,841 p=99704 u=lzy n=ansible | master2                    : ok=0    changed=0    unreachable=1    failed=0    skipped=0    rescued=0    ignored=0   
2026-02-14 17:43:49,841 p=99704 u=lzy n=ansible | master3                    : ok=0    changed=0    unreachable=1    failed=0    skipped=0    rescued=0    ignored=0   
2026-02-14 17:43:49,841 p=99704 u=lzy n=ansible | worker1                    : ok=0    changed=0    unreachable=1    failed=0    skipped=0    rescued=0    ignored=0   
2026-02-14 17:43:49,841 p=99704 u=lzy n=ansible | worker2                    : ok=0    changed=0    unreachable=1    failed=0    skipped=0    rescued=0    ignored=0   
2026-02-14 17:43:49,841 p=99704 u=lzy n=ansible | worker3                    : ok=0    changed=0    unreachable=1    failed=0    skipped=0    rescued=0    ignored=0   
2026-02-14 17:44:16,816 p=100011 u=lzy n=ansible | PLAY [all] *****************************************************************************************************************************************************
2026-02-14 17:44:16,825 p=100011 u=lzy n=ansible | TASK [Gathering Facts] *****************************************************************************************************************************************
2026-02-14 17:44:28,883 p=100011 u=lzy n=ansible | [WARNING]: Platform linux on host worker2 is using the discovered Python interpreter at /usr/bin/python3.12, but future installation of another Python
interpreter could change the meaning of that path. See https://docs.ansible.com/ansible-core/2.17/reference_appendices/interpreter_discovery.html for more
information.

2026-02-14 17:44:28,884 p=100011 u=lzy n=ansible | ok: [worker2]
2026-02-14 17:44:28,921 p=100011 u=lzy n=ansible | [WARNING]: Platform linux on host master2 is using the discovered Python interpreter at /usr/bin/python3.12, but future installation of another Python
interpreter could change the meaning of that path. See https://docs.ansible.com/ansible-core/2.17/reference_appendices/interpreter_discovery.html for more
information.

2026-02-14 17:44:28,921 p=100011 u=lzy n=ansible | ok: [master2]
2026-02-14 17:44:28,958 p=100011 u=lzy n=ansible | [WARNING]: Platform linux on host master1 is using the discovered Python interpreter at /usr/bin/python3.12, but future installation of another Python
interpreter could change the meaning of that path. See https://docs.ansible.com/ansible-core/2.17/reference_appendices/interpreter_discovery.html for more
information.

2026-02-14 17:44:28,958 p=100011 u=lzy n=ansible | ok: [master1]
2026-02-14 17:44:29,069 p=100011 u=lzy n=ansible | [WARNING]: Platform linux on host worker1 is using the discovered Python interpreter at /usr/bin/python3.12, but future installation of another Python
interpreter could change the meaning of that path. See https://docs.ansible.com/ansible-core/2.17/reference_appendices/interpreter_discovery.html for more
information.

2026-02-14 17:44:29,069 p=100011 u=lzy n=ansible | ok: [worker1]
2026-02-14 17:44:30,355 p=100011 u=lzy n=ansible | [WARNING]: Platform linux on host master3 is using the discovered Python interpreter at /usr/bin/python3.12, but future installation of another Python
interpreter could change the meaning of that path. See https://docs.ansible.com/ansible-core/2.17/reference_appendices/interpreter_discovery.html for more
information.

2026-02-14 17:44:30,355 p=100011 u=lzy n=ansible | ok: [master3]
2026-02-14 17:44:41,207 p=100011 u=lzy n=ansible | [WARNING]: Platform linux on host worker3 is using the discovered Python interpreter at /usr/bin/python3.12, but future installation of another Python
interpreter could change the meaning of that path. See https://docs.ansible.com/ansible-core/2.17/reference_appendices/interpreter_discovery.html for more
information.

2026-02-14 17:44:41,207 p=100011 u=lzy n=ansible | ok: [worker3]
2026-02-14 17:44:41,211 p=100011 u=lzy n=ansible | TASK [common : Disable swap immediately] ***********************************************************************************************************************
2026-02-14 17:44:41,239 p=100011 u=lzy n=ansible | skipping: [master1]
2026-02-14 17:44:41,246 p=100011 u=lzy n=ansible | skipping: [master2]
2026-02-14 17:44:41,254 p=100011 u=lzy n=ansible | skipping: [master3]
2026-02-14 17:44:41,255 p=100011 u=lzy n=ansible | skipping: [worker1]
2026-02-14 17:44:41,255 p=100011 u=lzy n=ansible | skipping: [worker2]
2026-02-14 17:44:41,268 p=100011 u=lzy n=ansible | skipping: [worker3]
2026-02-14 17:44:41,275 p=100011 u=lzy n=ansible | TASK [common : Remove swap from /etc/fstab] ********************************************************************************************************************
2026-02-14 17:44:47,301 p=100011 u=lzy n=ansible | ok: [worker2]
2026-02-14 17:44:47,359 p=100011 u=lzy n=ansible | ok: [master3]
2026-02-14 17:44:47,408 p=100011 u=lzy n=ansible | ok: [worker1]
2026-02-14 17:44:47,477 p=100011 u=lzy n=ansible | ok: [master1]
2026-02-14 17:44:48,360 p=100011 u=lzy n=ansible | ok: [master2]
2026-02-14 17:44:53,590 p=100011 u=lzy n=ansible | ok: [worker3]
2026-02-14 17:44:53,594 p=100011 u=lzy n=ansible | TASK [common : Load kernel modules for containerd] *************************************************************************************************************
2026-02-14 17:44:59,828 p=100011 u=lzy n=ansible | changed: [worker2]
2026-02-14 17:44:59,839 p=100011 u=lzy n=ansible | changed: [master3]
2026-02-14 17:44:59,847 p=100011 u=lzy n=ansible | changed: [worker1]
2026-02-14 17:44:59,847 p=100011 u=lzy n=ansible | changed: [master1]
2026-02-14 17:45:00,520 p=100011 u=lzy n=ansible | changed: [master2]
2026-02-14 17:45:05,850 p=100011 u=lzy n=ansible | changed: [worker3]
2026-02-14 17:45:05,856 p=100011 u=lzy n=ansible | TASK [common : Modprobe kernel modules] ************************************************************************************************************************
2026-02-14 17:45:11,906 p=100011 u=lzy n=ansible | changed: [worker2] => (item=overlay)
2026-02-14 17:45:11,991 p=100011 u=lzy n=ansible | changed: [master1] => (item=overlay)
2026-02-14 17:45:12,009 p=100011 u=lzy n=ansible | changed: [master3] => (item=overlay)
2026-02-14 17:45:12,013 p=100011 u=lzy n=ansible | changed: [worker1] => (item=overlay)
2026-02-14 17:45:12,466 p=100011 u=lzy n=ansible | changed: [master2] => (item=overlay)
2026-02-14 17:45:17,681 p=100011 u=lzy n=ansible | changed: [worker2] => (item=br_netfilter)
2026-02-14 17:45:17,927 p=100011 u=lzy n=ansible | changed: [master1] => (item=br_netfilter)
2026-02-14 17:45:17,939 p=100011 u=lzy n=ansible | changed: [master3] => (item=br_netfilter)
2026-02-14 17:45:17,952 p=100011 u=lzy n=ansible | changed: [worker1] => (item=br_netfilter)
2026-02-14 17:45:19,016 p=100011 u=lzy n=ansible | changed: [master2] => (item=br_netfilter)
2026-02-14 17:45:23,763 p=100011 u=lzy n=ansible | changed: [worker3] => (item=overlay)
2026-02-14 17:45:29,546 p=100011 u=lzy n=ansible | changed: [worker3] => (item=br_netfilter)
2026-02-14 17:45:29,550 p=100011 u=lzy n=ansible | TASK [common : Configure sysctl params for Kubernetes] *********************************************************************************************************
2026-02-14 17:45:35,595 p=100011 u=lzy n=ansible | changed: [worker2] => (item={'key': 'net.bridge.bridge-nf-call-iptables', 'value': '1'})
2026-02-14 17:45:35,661 p=100011 u=lzy n=ansible | changed: [master3] => (item={'key': 'net.bridge.bridge-nf-call-iptables', 'value': '1'})
2026-02-14 17:45:35,686 p=100011 u=lzy n=ansible | changed: [master1] => (item={'key': 'net.bridge.bridge-nf-call-iptables', 'value': '1'})
2026-02-14 17:45:35,687 p=100011 u=lzy n=ansible | changed: [worker1] => (item={'key': 'net.bridge.bridge-nf-call-iptables', 'value': '1'})
2026-02-14 17:45:35,861 p=100011 u=lzy n=ansible | changed: [master2] => (item={'key': 'net.bridge.bridge-nf-call-iptables', 'value': '1'})
2026-02-14 17:45:41,283 p=100011 u=lzy n=ansible | changed: [worker2] => (item={'key': 'net.ipv4.ip_forward', 'value': '1'})
2026-02-14 17:45:41,432 p=100011 u=lzy n=ansible | changed: [master3] => (item={'key': 'net.ipv4.ip_forward', 'value': '1'})
2026-02-14 17:45:41,473 p=100011 u=lzy n=ansible | changed: [master1] => (item={'key': 'net.ipv4.ip_forward', 'value': '1'})
2026-02-14 17:45:41,498 p=100011 u=lzy n=ansible | changed: [worker1] => (item={'key': 'net.ipv4.ip_forward', 'value': '1'})
2026-02-14 17:45:41,816 p=100011 u=lzy n=ansible | changed: [master2] => (item={'key': 'net.ipv4.ip_forward', 'value': '1'})
2026-02-14 17:45:46,959 p=100011 u=lzy n=ansible | changed: [worker2] => (item={'key': 'net.bridge.bridge-nf-call-ip6tables', 'value': '1'})
2026-02-14 17:45:47,195 p=100011 u=lzy n=ansible | changed: [master3] => (item={'key': 'net.bridge.bridge-nf-call-ip6tables', 'value': '1'})
2026-02-14 17:45:47,311 p=100011 u=lzy n=ansible | changed: [worker1] => (item={'key': 'net.bridge.bridge-nf-call-ip6tables', 'value': '1'})
2026-02-14 17:45:47,544 p=100011 u=lzy n=ansible | changed: [master2] => (item={'key': 'net.bridge.bridge-nf-call-ip6tables', 'value': '1'})
2026-02-14 17:45:48,240 p=100011 u=lzy n=ansible | changed: [master1] => (item={'key': 'net.bridge.bridge-nf-call-ip6tables', 'value': '1'})
2026-02-14 17:45:53,010 p=100011 u=lzy n=ansible | changed: [worker3] => (item={'key': 'net.bridge.bridge-nf-call-iptables', 'value': '1'})
2026-02-14 17:45:58,771 p=100011 u=lzy n=ansible | changed: [worker3] => (item={'key': 'net.ipv4.ip_forward', 'value': '1'})
2026-02-14 17:46:04,760 p=100011 u=lzy n=ansible | changed: [worker3] => (item={'key': 'net.bridge.bridge-nf-call-ip6tables', 'value': '1'})
2026-02-14 17:46:04,769 p=100011 u=lzy n=ansible | TASK [common : Install dependencies (Debian/Ubuntu)] ***********************************************************************************************************
2026-02-14 17:46:31,059 p=100011 u=lzy n=ansible | changed: [worker2]
2026-02-14 17:46:31,124 p=100011 u=lzy n=ansible | changed: [master1]
2026-02-14 17:46:31,198 p=100011 u=lzy n=ansible | changed: [master2]
2026-02-14 17:46:31,409 p=100011 u=lzy n=ansible | changed: [worker1]
2026-02-14 17:46:32,795 p=100011 u=lzy n=ansible | changed: [master3]
2026-02-14 17:46:58,113 p=100011 u=lzy n=ansible | changed: [worker3]
2026-02-14 17:46:58,118 p=100011 u=lzy n=ansible | TASK [common : Install dependencies (RHEL/CentOS)] *************************************************************************************************************
2026-02-14 17:46:58,139 p=100011 u=lzy n=ansible | skipping: [master1]
2026-02-14 17:46:58,147 p=100011 u=lzy n=ansible | skipping: [master2]
2026-02-14 17:46:58,157 p=100011 u=lzy n=ansible | skipping: [master3]
2026-02-14 17:46:58,165 p=100011 u=lzy n=ansible | skipping: [worker1]
2026-02-14 17:46:58,166 p=100011 u=lzy n=ansible | skipping: [worker2]
2026-02-14 17:46:58,172 p=100011 u=lzy n=ansible | skipping: [worker3]
2026-02-14 17:46:58,206 p=100011 u=lzy n=ansible | TASK [container_runtime : Ensure keyrings directory exists] ****************************************************************************************************
2026-02-14 17:47:04,241 p=100011 u=lzy n=ansible | ok: [master2]
2026-02-14 17:47:04,273 p=100011 u=lzy n=ansible | ok: [worker2]
2026-02-14 17:47:04,312 p=100011 u=lzy n=ansible | ok: [master1]
2026-02-14 17:47:04,320 p=100011 u=lzy n=ansible | ok: [master3]
2026-02-14 17:47:04,441 p=100011 u=lzy n=ansible | ok: [worker1]
2026-02-14 17:47:10,273 p=100011 u=lzy n=ansible | ok: [worker3]
2026-02-14 17:47:10,278 p=100011 u=lzy n=ansible | TASK [container_runtime : Download Docker public signing key] **************************************************************************************************
2026-02-14 17:47:16,736 p=100011 u=lzy n=ansible | changed: [worker2]
2026-02-14 17:47:16,750 p=100011 u=lzy n=ansible | changed: [master2]
2026-02-14 17:47:16,800 p=100011 u=lzy n=ansible | changed: [master3]
2026-02-14 17:47:16,833 p=100011 u=lzy n=ansible | changed: [worker1]
2026-02-14 17:47:16,835 p=100011 u=lzy n=ansible | changed: [master1]
2026-02-14 17:47:23,162 p=100011 u=lzy n=ansible | changed: [worker3]
2026-02-14 17:47:23,166 p=100011 u=lzy n=ansible | TASK [container_runtime : Add Docker Repository] ***************************************************************************************************************
2026-02-14 17:47:35,146 p=100011 u=lzy n=ansible | changed: [master2]
2026-02-14 17:47:35,182 p=100011 u=lzy n=ansible | changed: [worker2]
2026-02-14 17:47:35,301 p=100011 u=lzy n=ansible | changed: [master1]
2026-02-14 17:47:35,318 p=100011 u=lzy n=ansible | changed: [worker1]
2026-02-14 17:47:35,349 p=100011 u=lzy n=ansible | changed: [master3]
2026-02-14 17:47:47,392 p=100011 u=lzy n=ansible | changed: [worker3]
2026-02-14 17:47:47,398 p=100011 u=lzy n=ansible | TASK [container_runtime : Add Docker Repository] ***************************************************************************************************************
2026-02-14 17:47:47,410 p=100011 u=lzy n=ansible | skipping: [master1]
2026-02-14 17:47:47,423 p=100011 u=lzy n=ansible | skipping: [master2]
2026-02-14 17:47:47,431 p=100011 u=lzy n=ansible | skipping: [master3]
2026-02-14 17:47:47,448 p=100011 u=lzy n=ansible | skipping: [worker1]
2026-02-14 17:47:47,451 p=100011 u=lzy n=ansible | skipping: [worker2]
2026-02-14 17:47:47,456 p=100011 u=lzy n=ansible | skipping: [worker3]
2026-02-14 17:47:47,462 p=100011 u=lzy n=ansible | TASK [container_runtime : Install containerd] ******************************************************************************************************************
2026-02-14 17:48:01,682 p=100011 u=lzy n=ansible | changed: [master1]
2026-02-14 17:48:01,811 p=100011 u=lzy n=ansible | changed: [master3]
2026-02-14 17:48:01,813 p=100011 u=lzy n=ansible | changed: [worker2]
2026-02-14 17:48:02,070 p=100011 u=lzy n=ansible | changed: [master2]
2026-02-14 17:48:02,226 p=100011 u=lzy n=ansible | changed: [worker1]
2026-02-14 17:48:16,330 p=100011 u=lzy n=ansible | changed: [worker3]
2026-02-14 17:48:16,335 p=100011 u=lzy n=ansible | TASK [container_runtime : Create containerd config directory] **************************************************************************************************
2026-02-14 17:48:22,339 p=100011 u=lzy n=ansible | ok: [worker2]
2026-02-14 17:48:22,379 p=100011 u=lzy n=ansible | ok: [master1]
2026-02-14 17:48:22,379 p=100011 u=lzy n=ansible | ok: [master3]
2026-02-14 17:48:22,435 p=100011 u=lzy n=ansible | ok: [worker1]
2026-02-14 17:48:24,376 p=100011 u=lzy n=ansible | ok: [master2]
2026-02-14 17:48:28,367 p=100011 u=lzy n=ansible | ok: [worker3]
2026-02-14 17:48:28,375 p=100011 u=lzy n=ansible | TASK [container_runtime : Generate default containerd config] **************************************************************************************************
2026-02-14 17:48:34,402 p=100011 u=lzy n=ansible | changed: [worker2]
2026-02-14 17:48:34,475 p=100011 u=lzy n=ansible | changed: [master3]
2026-02-14 17:48:34,510 p=100011 u=lzy n=ansible | changed: [master1]
2026-02-14 17:48:34,593 p=100011 u=lzy n=ansible | changed: [worker1]
2026-02-14 17:48:35,961 p=100011 u=lzy n=ansible | changed: [master2]
2026-02-14 17:48:40,446 p=100011 u=lzy n=ansible | changed: [worker3]
2026-02-14 17:48:40,450 p=100011 u=lzy n=ansible | TASK [container_runtime : Enable CRI plugin in containerd] *****************************************************************************************************
2026-02-14 17:48:46,447 p=100011 u=lzy n=ansible | ok: [worker2]
2026-02-14 17:48:46,501 p=100011 u=lzy n=ansible | ok: [master3]
2026-02-14 17:48:46,504 p=100011 u=lzy n=ansible | ok: [master1]
2026-02-14 17:48:46,561 p=100011 u=lzy n=ansible | ok: [worker1]
2026-02-14 17:48:47,224 p=100011 u=lzy n=ansible | ok: [master2]
2026-02-14 17:48:52,450 p=100011 u=lzy n=ansible | ok: [worker3]
2026-02-14 17:48:52,458 p=100011 u=lzy n=ansible | TASK [container_runtime : Configure SystemdCgroup in config.toml] **********************************************************************************************
2026-02-14 17:48:58,430 p=100011 u=lzy n=ansible | changed: [worker2]
2026-02-14 17:48:58,485 p=100011 u=lzy n=ansible | changed: [master3]
2026-02-14 17:48:58,485 p=100011 u=lzy n=ansible | changed: [master1]
2026-02-14 17:48:58,543 p=100011 u=lzy n=ansible | changed: [worker1]
2026-02-14 17:48:58,658 p=100011 u=lzy n=ansible | changed: [master2]
2026-02-14 17:49:04,431 p=100011 u=lzy n=ansible | changed: [worker3]
2026-02-14 17:49:04,438 p=100011 u=lzy n=ansible | TASK [container_runtime : Ensure containerd is started and enabled] ********************************************************************************************
2026-02-14 17:49:11,287 p=100011 u=lzy n=ansible | ok: [worker2]
2026-02-14 17:49:11,584 p=100011 u=lzy n=ansible | ok: [master2]
2026-02-14 17:49:11,597 p=100011 u=lzy n=ansible | ok: [master3]
2026-02-14 17:49:11,646 p=100011 u=lzy n=ansible | ok: [master1]
2026-02-14 17:49:11,714 p=100011 u=lzy n=ansible | ok: [worker1]
2026-02-14 17:49:18,078 p=100011 u=lzy n=ansible | ok: [worker3]
2026-02-14 17:49:18,098 p=100011 u=lzy n=ansible | TASK [kubernetes : Ensure keyrings directory exists] ***********************************************************************************************************
2026-02-14 17:49:24,075 p=100011 u=lzy n=ansible | ok: [master2]
2026-02-14 17:49:24,077 p=100011 u=lzy n=ansible | ok: [worker2]
2026-02-14 17:49:24,142 p=100011 u=lzy n=ansible | ok: [master3]
2026-02-14 17:49:24,153 p=100011 u=lzy n=ansible | ok: [master1]
2026-02-14 17:49:24,199 p=100011 u=lzy n=ansible | ok: [worker1]
2026-02-14 17:49:30,098 p=100011 u=lzy n=ansible | ok: [worker3]
2026-02-14 17:49:30,106 p=100011 u=lzy n=ansible | TASK [kubernetes : Download Kubernetes public signing key] *****************************************************************************************************
2026-02-14 17:49:36,547 p=100011 u=lzy n=ansible | changed: [master2]
2026-02-14 17:49:36,567 p=100011 u=lzy n=ansible | changed: [worker2]
2026-02-14 17:49:36,675 p=100011 u=lzy n=ansible | changed: [master3]
2026-02-14 17:49:36,678 p=100011 u=lzy n=ansible | changed: [master1]
2026-02-14 17:49:36,690 p=100011 u=lzy n=ansible | changed: [worker1]
2026-02-14 17:49:43,084 p=100011 u=lzy n=ansible | changed: [worker3]
2026-02-14 17:49:43,088 p=100011 u=lzy n=ansible | TASK [kubernetes : Add Kubernetes apt repository] **************************************************************************************************************
2026-02-14 17:49:55,175 p=100011 u=lzy n=ansible | changed: [worker2]
2026-02-14 17:49:55,188 p=100011 u=lzy n=ansible | changed: [master1]
2026-02-14 17:49:55,241 p=100011 u=lzy n=ansible | changed: [worker1]
2026-02-14 17:49:55,250 p=100011 u=lzy n=ansible | changed: [master2]
2026-02-14 17:49:55,275 p=100011 u=lzy n=ansible | changed: [master3]
2026-02-14 17:50:10,035 p=100011 u=lzy n=ansible | changed: [worker3]
2026-02-14 17:50:10,041 p=100011 u=lzy n=ansible | TASK [kubernetes : Install Kubernetes binaries] ****************************************************************************************************************
2026-02-14 17:50:29,479 p=100011 u=lzy n=ansible | changed: [master3]
2026-02-14 17:50:29,791 p=100011 u=lzy n=ansible | changed: [worker1]
2026-02-14 17:50:29,975 p=100011 u=lzy n=ansible | changed: [worker2]
2026-02-14 17:50:30,009 p=100011 u=lzy n=ansible | changed: [master1]
2026-02-14 17:50:30,359 p=100011 u=lzy n=ansible | changed: [master2]
2026-02-14 17:50:51,535 p=100011 u=lzy n=ansible | changed: [worker3]
2026-02-14 17:50:51,539 p=100011 u=lzy n=ansible | TASK [kubernetes : Hold Kubernetes binaries] *******************************************************************************************************************
2026-02-14 17:50:57,613 p=100011 u=lzy n=ansible | changed: [worker2] => (item=kubelet)
2026-02-14 17:50:57,617 p=100011 u=lzy n=ansible | changed: [master2] => (item=kubelet)
2026-02-14 17:50:57,705 p=100011 u=lzy n=ansible | changed: [master3] => (item=kubelet)
2026-02-14 17:50:57,709 p=100011 u=lzy n=ansible | changed: [master1] => (item=kubelet)
2026-02-14 17:50:57,727 p=100011 u=lzy n=ansible | changed: [worker1] => (item=kubelet)
2026-02-14 17:51:03,595 p=100011 u=lzy n=ansible | changed: [master2] => (item=kubeadm)
2026-02-14 17:51:03,655 p=100011 u=lzy n=ansible | changed: [worker1] => (item=kubeadm)
2026-02-14 17:51:03,696 p=100011 u=lzy n=ansible | changed: [worker2] => (item=kubeadm)
2026-02-14 17:51:03,762 p=100011 u=lzy n=ansible | changed: [master3] => (item=kubeadm)
2026-02-14 17:51:04,132 p=100011 u=lzy n=ansible | changed: [master1] => (item=kubeadm)
2026-02-14 17:51:09,302 p=100011 u=lzy n=ansible | changed: [master2] => (item=kubectl)
2026-02-14 17:51:09,405 p=100011 u=lzy n=ansible | changed: [worker2] => (item=kubectl)
2026-02-14 17:51:09,492 p=100011 u=lzy n=ansible | changed: [worker1] => (item=kubectl)
2026-02-14 17:51:09,548 p=100011 u=lzy n=ansible | changed: [master3] => (item=kubectl)
2026-02-14 17:51:10,226 p=100011 u=lzy n=ansible | changed: [master1] => (item=kubectl)
2026-02-14 17:51:15,400 p=100011 u=lzy n=ansible | changed: [worker3] => (item=kubelet)
2026-02-14 17:51:22,180 p=100011 u=lzy n=ansible | changed: [worker3] => (item=kubeadm)
2026-02-14 17:51:28,222 p=100011 u=lzy n=ansible | changed: [worker3] => (item=kubectl)
2026-02-14 17:51:28,227 p=100011 u=lzy n=ansible | TASK [kubernetes : Add Kubernetes yum repository] **************************************************************************************************************
2026-02-14 17:51:28,240 p=100011 u=lzy n=ansible | skipping: [master1]
2026-02-14 17:51:28,259 p=100011 u=lzy n=ansible | skipping: [master2]
2026-02-14 17:51:28,269 p=100011 u=lzy n=ansible | skipping: [master3]
2026-02-14 17:51:28,280 p=100011 u=lzy n=ansible | skipping: [worker1]
2026-02-14 17:51:28,281 p=100011 u=lzy n=ansible | skipping: [worker2]
2026-02-14 17:51:28,287 p=100011 u=lzy n=ansible | skipping: [worker3]
2026-02-14 17:51:28,291 p=100011 u=lzy n=ansible | TASK [kubernetes : Install Kubernetes binaries] ****************************************************************************************************************
2026-02-14 17:51:28,317 p=100011 u=lzy n=ansible | skipping: [master1]
2026-02-14 17:51:28,329 p=100011 u=lzy n=ansible | skipping: [master2]
2026-02-14 17:51:28,339 p=100011 u=lzy n=ansible | skipping: [master3]
2026-02-14 17:51:28,347 p=100011 u=lzy n=ansible | skipping: [worker1]
2026-02-14 17:51:28,348 p=100011 u=lzy n=ansible | skipping: [worker2]
2026-02-14 17:51:28,353 p=100011 u=lzy n=ansible | skipping: [worker3]
2026-02-14 17:51:28,357 p=100011 u=lzy n=ansible | TASK [kubernetes : Enable kubelet] *****************************************************************************************************************************
2026-02-14 17:51:28,369 p=100011 u=lzy n=ansible | skipping: [master1]
2026-02-14 17:51:28,386 p=100011 u=lzy n=ansible | skipping: [master2]
2026-02-14 17:51:28,394 p=100011 u=lzy n=ansible | skipping: [master3]
2026-02-14 17:51:28,402 p=100011 u=lzy n=ansible | skipping: [worker1]
2026-02-14 17:51:28,404 p=100011 u=lzy n=ansible | skipping: [worker2]
2026-02-14 17:51:28,409 p=100011 u=lzy n=ansible | skipping: [worker3]
2026-02-14 17:51:28,413 p=100011 u=lzy n=ansible | TASK [kubernetes : Enable kubelet] *****************************************************************************************************************************
2026-02-14 17:51:35,414 p=100011 u=lzy n=ansible | changed: [master1]
2026-02-14 17:51:35,548 p=100011 u=lzy n=ansible | changed: [worker2]
2026-02-14 17:51:35,555 p=100011 u=lzy n=ansible | changed: [master2]
2026-02-14 17:51:35,704 p=100011 u=lzy n=ansible | changed: [master3]
2026-02-14 17:51:35,721 p=100011 u=lzy n=ansible | changed: [worker1]
2026-02-14 17:51:42,254 p=100011 u=lzy n=ansible | changed: [worker3]
2026-02-14 17:51:42,291 p=100011 u=lzy n=ansible | RUNNING HANDLER [container_runtime : Restart containerd] *******************************************************************************************************
2026-02-14 17:51:49,097 p=100011 u=lzy n=ansible | changed: [master2]
2026-02-14 17:51:49,295 p=100011 u=lzy n=ansible | changed: [master3]
2026-02-14 17:51:49,297 p=100011 u=lzy n=ansible | changed: [master1]
2026-02-14 17:51:49,445 p=100011 u=lzy n=ansible | changed: [worker2]
2026-02-14 17:51:49,560 p=100011 u=lzy n=ansible | changed: [worker1]
2026-02-14 17:51:56,208 p=100011 u=lzy n=ansible | changed: [worker3]
2026-02-14 17:51:56,210 p=100011 u=lzy n=ansible | PLAY [masters] *************************************************************************************************************************************************
2026-02-14 17:51:56,215 p=100011 u=lzy n=ansible | TASK [Gathering Facts] *****************************************************************************************************************************************
2026-02-14 17:52:03,953 p=100011 u=lzy n=ansible | ok: [master2]
2026-02-14 17:52:04,217 p=100011 u=lzy n=ansible | ok: [master3]
2026-02-14 17:52:04,293 p=100011 u=lzy n=ansible | ok: [master1]
2026-02-14 17:52:04,296 p=100011 u=lzy n=ansible | TASK [master : Check if Kubernetes is already initialized] *****************************************************************************************************
2026-02-14 17:52:10,356 p=100011 u=lzy n=ansible | ok: [master2]
2026-02-14 17:52:10,396 p=100011 u=lzy n=ansible | ok: [master3]
2026-02-14 17:52:10,397 p=100011 u=lzy n=ansible | ok: [master1]
2026-02-14 17:52:10,400 p=100011 u=lzy n=ansible | TASK [master : Initialize Kubernetes Master] *******************************************************************************************************************
2026-02-14 17:52:10,421 p=100011 u=lzy n=ansible | skipping: [master2]
2026-02-14 17:52:10,426 p=100011 u=lzy n=ansible | skipping: [master3]
2026-02-14 18:12:15,937 p=100011 u=lzy n=ansible |  [ERROR]: User interrupted execution

2026-02-14 18:12:33,145 p=115863 u=lzy n=ansible | PLAY [all] *****************************************************************************************************************************************************
2026-02-14 18:12:33,160 p=115863 u=lzy n=ansible | TASK [Gathering Facts] *****************************************************************************************************************************************
2026-02-14 18:12:45,018 p=115863 u=lzy n=ansible | [WARNING]: Platform linux on host master2 is using the discovered Python interpreter at /usr/bin/python3.12, but future installation of another Python
interpreter could change the meaning of that path. See https://docs.ansible.com/ansible-core/2.17/reference_appendices/interpreter_discovery.html for more
information.

2026-02-14 18:12:45,018 p=115863 u=lzy n=ansible | ok: [master2]
2026-02-14 18:12:45,028 p=115863 u=lzy n=ansible | [WARNING]: Platform linux on host worker1 is using the discovered Python interpreter at /usr/bin/python3.12, but future installation of another Python
interpreter could change the meaning of that path. See https://docs.ansible.com/ansible-core/2.17/reference_appendices/interpreter_discovery.html for more
information.

2026-02-14 18:12:45,028 p=115863 u=lzy n=ansible | ok: [worker1]
2026-02-14 18:12:45,031 p=115863 u=lzy n=ansible | [WARNING]: Platform linux on host master3 is using the discovered Python interpreter at /usr/bin/python3.12, but future installation of another Python
interpreter could change the meaning of that path. See https://docs.ansible.com/ansible-core/2.17/reference_appendices/interpreter_discovery.html for more
information.

2026-02-14 18:12:45,031 p=115863 u=lzy n=ansible | ok: [master3]
2026-02-14 18:12:46,007 p=115863 u=lzy n=ansible | [WARNING]: Platform linux on host worker2 is using the discovered Python interpreter at /usr/bin/python3.12, but future installation of another Python
interpreter could change the meaning of that path. See https://docs.ansible.com/ansible-core/2.17/reference_appendices/interpreter_discovery.html for more
information.

2026-02-14 18:12:46,007 p=115863 u=lzy n=ansible | ok: [worker2]
2026-02-14 18:12:56,768 p=115863 u=lzy n=ansible | [WARNING]: Platform linux on host worker3 is using the discovered Python interpreter at /usr/bin/python3.12, but future installation of another Python
interpreter could change the meaning of that path. See https://docs.ansible.com/ansible-core/2.17/reference_appendices/interpreter_discovery.html for more
information.

2026-02-14 18:12:56,768 p=115863 u=lzy n=ansible | ok: [worker3]
2026-02-14 18:17:05,770 p=118004 u=lzy n=ansible |  [ERROR]: User interrupted execution

2026-02-14 18:17:11,366 p=118470 u=lzy n=ansible | [WARNING]: Platform linux on host master1 is using the discovered Python
interpreter at /usr/bin/python3.12, but future installation of another Python
interpreter could change the meaning of that path. See
https://docs.ansible.com/ansible-
core/2.17/reference_appendices/interpreter_discovery.html for more information.

2026-02-14 18:17:11,366 p=118470 u=lzy n=ansible | master1 | SUCCESS => {
    "ansible_facts": {
        "discovered_interpreter_python": "/usr/bin/python3.12"
    },
    "changed": false,
    "ping": "pong"
}
2026-02-14 18:17:30,871 p=118700 u=lzy n=ansible | [WARNING]: Platform linux on host worker3 is using the discovered Python interpreter at /usr/bin/python3.12, but future installation of another Python
interpreter could change the meaning of that path. See https://docs.ansible.com/ansible-core/2.17/reference_appendices/interpreter_discovery.html for more
information.

2026-02-14 18:17:30,872 p=118700 u=lzy n=ansible | worker3 | SUCCESS => {
    "ansible_facts": {
        "discovered_interpreter_python": "/usr/bin/python3.12"
    },
    "changed": false,
    "ping": "pong"
}
2026-02-14 18:17:46,191 p=115863 u=lzy n=ansible |  [ERROR]: User interrupted execution

2026-02-14 18:17:48,098 p=118983 u=lzy n=ansible | PLAY [all] *****************************************************************************************************************************************************
2026-02-14 18:17:48,108 p=118983 u=lzy n=ansible | TASK [Gathering Facts] *****************************************************************************************************************************************
2026-02-14 18:17:56,955 p=118983 u=lzy n=ansible | [WARNING]: Platform linux on host master1 is using the discovered Python interpreter at /usr/bin/python3.12, but future installation of another Python
interpreter could change the meaning of that path. See https://docs.ansible.com/ansible-core/2.17/reference_appendices/interpreter_discovery.html for more
information.

2026-02-14 18:17:56,955 p=118983 u=lzy n=ansible | ok: [master1]
2026-02-14 18:17:59,717 p=118983 u=lzy n=ansible | [WARNING]: Platform linux on host master2 is using the discovered Python interpreter at /usr/bin/python3.12, but future installation of another Python
interpreter could change the meaning of that path. See https://docs.ansible.com/ansible-core/2.17/reference_appendices/interpreter_discovery.html for more
information.

2026-02-14 18:17:59,718 p=118983 u=lzy n=ansible | ok: [master2]
2026-02-14 18:17:59,718 p=118983 u=lzy n=ansible | [WARNING]: Platform linux on host worker1 is using the discovered Python interpreter at /usr/bin/python3.12, but future installation of another Python
interpreter could change the meaning of that path. See https://docs.ansible.com/ansible-core/2.17/reference_appendices/interpreter_discovery.html for more
information.

2026-02-14 18:17:59,718 p=118983 u=lzy n=ansible | ok: [worker1]
2026-02-14 18:17:59,773 p=118983 u=lzy n=ansible | [WARNING]: Platform linux on host worker2 is using the discovered Python interpreter at /usr/bin/python3.12, but future installation of another Python
interpreter could change the meaning of that path. See https://docs.ansible.com/ansible-core/2.17/reference_appendices/interpreter_discovery.html for more
information.

2026-02-14 18:17:59,773 p=118983 u=lzy n=ansible | ok: [worker2]
2026-02-14 18:17:59,894 p=118983 u=lzy n=ansible | [WARNING]: Platform linux on host master3 is using the discovered Python interpreter at /usr/bin/python3.12, but future installation of another Python
interpreter could change the meaning of that path. See https://docs.ansible.com/ansible-core/2.17/reference_appendices/interpreter_discovery.html for more
information.

2026-02-14 18:17:59,895 p=118983 u=lzy n=ansible | ok: [master3]
2026-02-14 18:18:05,814 p=118983 u=lzy n=ansible | [WARNING]: Platform linux on host worker3 is using the discovered Python interpreter at /usr/bin/python3.12, but future installation of another Python
interpreter could change the meaning of that path. See https://docs.ansible.com/ansible-core/2.17/reference_appendices/interpreter_discovery.html for more
information.

2026-02-14 18:18:05,814 p=118983 u=lzy n=ansible | ok: [worker3]
2026-02-14 18:18:05,817 p=118983 u=lzy n=ansible | TASK [cleanup : Cleanup existing Docker and Kubernetes entries in sources.list] ********************************************************************************
2026-02-14 18:18:11,897 p=118983 u=lzy n=ansible | ok: [master1]
2026-02-14 18:18:11,898 p=118983 u=lzy n=ansible | ok: [master3]
2026-02-14 18:18:11,908 p=118983 u=lzy n=ansible | ok: [worker1]
2026-02-14 18:18:11,940 p=118983 u=lzy n=ansible | ok: [master2]
2026-02-14 18:18:11,940 p=118983 u=lzy n=ansible | ok: [worker2]
2026-02-14 18:18:18,042 p=118983 u=lzy n=ansible | ok: [worker3]
2026-02-14 18:18:18,046 p=118983 u=lzy n=ansible | TASK [cleanup : Remove legacy Docker and Kubernetes GPG keys] **************************************************************************************************
2026-02-14 18:18:24,624 p=118983 u=lzy n=ansible | ok: [master3] => (item=0EBFCD88)
2026-02-14 18:18:24,647 p=118983 u=lzy n=ansible | ok: [worker1] => (item=0EBFCD88)
2026-02-14 18:18:24,667 p=118983 u=lzy n=ansible | ok: [worker2] => (item=0EBFCD88)
2026-02-14 18:18:24,689 p=118983 u=lzy n=ansible | ok: [master2] => (item=0EBFCD88)
2026-02-14 18:18:24,932 p=118983 u=lzy n=ansible | ok: [master1] => (item=0EBFCD88)
2026-02-14 18:18:31,123 p=118983 u=lzy n=ansible | ok: [worker3] => (item=0EBFCD88)
2026-02-14 18:18:31,127 p=118983 u=lzy n=ansible | TASK [cleanup : Remove legacy Kubernetes GPG key by URL] *******************************************************************************************************
2026-02-14 18:18:37,692 p=118983 u=lzy n=ansible | ok: [master3]
2026-02-14 18:18:37,720 p=118983 u=lzy n=ansible | ok: [master1]
2026-02-14 18:18:37,755 p=118983 u=lzy n=ansible | ok: [master2]
2026-02-14 18:18:37,759 p=118983 u=lzy n=ansible | ok: [worker1]
2026-02-14 18:18:37,792 p=118983 u=lzy n=ansible | ok: [worker2]
2026-02-14 18:18:46,359 p=118983 u=lzy n=ansible | ok: [worker3]
2026-02-14 18:18:46,364 p=118983 u=lzy n=ansible | TASK [cleanup : Remove conflicting repository files in sources.list.d] *****************************************************************************************
2026-02-14 18:18:52,427 p=118983 u=lzy n=ansible | changed: [master3] => (item=docker.list)
2026-02-14 18:18:52,459 p=118983 u=lzy n=ansible | changed: [worker1] => (item=docker.list)
2026-02-14 18:18:52,476 p=118983 u=lzy n=ansible | changed: [worker2] => (item=docker.list)
2026-02-14 18:18:52,481 p=118983 u=lzy n=ansible | changed: [master2] => (item=docker.list)
2026-02-14 18:18:52,657 p=118983 u=lzy n=ansible | changed: [master1] => (item=docker.list)
2026-02-14 18:18:58,123 p=118983 u=lzy n=ansible | ok: [master3] => (item=download_docker_com_linux_ubuntu.list)
2026-02-14 18:18:58,216 p=118983 u=lzy n=ansible | ok: [worker1] => (item=download_docker_com_linux_ubuntu.list)
2026-02-14 18:18:58,234 p=118983 u=lzy n=ansible | ok: [worker2] => (item=download_docker_com_linux_ubuntu.list)
2026-02-14 18:18:58,249 p=118983 u=lzy n=ansible | ok: [master2] => (item=download_docker_com_linux_ubuntu.list)
2026-02-14 18:18:58,603 p=118983 u=lzy n=ansible | ok: [master1] => (item=download_docker_com_linux_ubuntu.list)
2026-02-14 18:19:03,883 p=118983 u=lzy n=ansible | changed: [master3] => (item=kubernetes.list)
2026-02-14 18:19:04,043 p=118983 u=lzy n=ansible | changed: [worker2] => (item=kubernetes.list)
2026-02-14 18:19:04,064 p=118983 u=lzy n=ansible | changed: [master2] => (item=kubernetes.list)
2026-02-14 18:19:04,066 p=118983 u=lzy n=ansible | changed: [worker1] => (item=kubernetes.list)
2026-02-14 18:19:04,667 p=118983 u=lzy n=ansible | changed: [master1] => (item=kubernetes.list)
2026-02-14 18:19:11,098 p=118983 u=lzy n=ansible | changed: [worker3] => (item=docker.list)
2026-02-14 18:19:17,988 p=118983 u=lzy n=ansible | ok: [worker3] => (item=download_docker_com_linux_ubuntu.list)
2026-02-14 18:19:24,623 p=118983 u=lzy n=ansible | changed: [worker3] => (item=kubernetes.list)
2026-02-14 18:19:24,630 p=118983 u=lzy n=ansible | TASK [cleanup : Check if kubeadm is installed] *****************************************************************************************************************
2026-02-14 18:19:30,662 p=118983 u=lzy n=ansible | ok: [master3]
2026-02-14 18:19:30,703 p=118983 u=lzy n=ansible | ok: [worker1]
2026-02-14 18:19:30,719 p=118983 u=lzy n=ansible | ok: [master2]
2026-02-14 18:19:30,733 p=118983 u=lzy n=ansible | ok: [worker2]
2026-02-14 18:19:30,917 p=118983 u=lzy n=ansible | ok: [master1]
2026-02-14 18:19:37,083 p=118983 u=lzy n=ansible | ok: [worker3]
2026-02-14 18:19:37,088 p=118983 u=lzy n=ansible | TASK [cleanup : Reset Kubernetes if needed] ********************************************************************************************************************
2026-02-14 18:19:43,138 p=118983 u=lzy n=ansible | changed: [master3]
2026-02-14 18:19:43,192 p=118983 u=lzy n=ansible | changed: [worker1]
2026-02-14 18:19:43,225 p=118983 u=lzy n=ansible | changed: [master2]
2026-02-14 18:19:43,226 p=118983 u=lzy n=ansible | changed: [worker2]
2026-02-14 18:19:44,263 p=118983 u=lzy n=ansible | changed: [master1]
2026-02-14 18:19:49,643 p=118983 u=lzy n=ansible | changed: [worker3]
2026-02-14 18:19:49,651 p=118983 u=lzy n=ansible | TASK [cleanup : Reboot and wait for reboot] ********************************************************************************************************************
2026-02-14 18:20:23,731 p=118983 u=lzy n=ansible | changed: [master2]
2026-02-14 18:20:30,148 p=118983 u=lzy n=ansible | changed: [worker2]
2026-02-14 18:20:31,915 p=118983 u=lzy n=ansible | changed: [master3]
2026-02-14 18:20:33,057 p=118983 u=lzy n=ansible | changed: [worker1]
2026-02-14 18:20:33,583 p=118983 u=lzy n=ansible | changed: [master1]
2026-02-14 18:20:59,248 p=118983 u=lzy n=ansible | changed: [worker3]
2026-02-14 18:20:59,302 p=118983 u=lzy n=ansible | TASK [common : Disable swap immediately] ***********************************************************************************************************************
2026-02-14 18:20:59,320 p=118983 u=lzy n=ansible | skipping: [master1]
2026-02-14 18:20:59,344 p=118983 u=lzy n=ansible | skipping: [master2]
2026-02-14 18:20:59,356 p=118983 u=lzy n=ansible | skipping: [master3]
2026-02-14 18:20:59,366 p=118983 u=lzy n=ansible | skipping: [worker1]
2026-02-14 18:20:59,366 p=118983 u=lzy n=ansible | skipping: [worker2]
2026-02-14 18:20:59,373 p=118983 u=lzy n=ansible | skipping: [worker3]
2026-02-14 18:20:59,377 p=118983 u=lzy n=ansible | TASK [common : Remove swap from /etc/fstab] ********************************************************************************************************************
2026-02-14 18:21:05,289 p=118983 u=lzy n=ansible | ok: [master1]
2026-02-14 18:21:05,469 p=118983 u=lzy n=ansible | ok: [worker1]
2026-02-14 18:21:05,469 p=118983 u=lzy n=ansible | ok: [master3]
2026-02-14 18:21:05,522 p=118983 u=lzy n=ansible | ok: [worker2]
2026-02-14 18:21:05,864 p=118983 u=lzy n=ansible | ok: [master2]
2026-02-14 18:21:11,750 p=118983 u=lzy n=ansible | ok: [worker3]
2026-02-14 18:21:11,753 p=118983 u=lzy n=ansible | TASK [common : Load kernel modules for containerd] *************************************************************************************************************
2026-02-14 18:21:17,683 p=118983 u=lzy n=ansible | ok: [master1]
2026-02-14 18:21:17,718 p=118983 u=lzy n=ansible | ok: [master2]
2026-02-14 18:21:17,812 p=118983 u=lzy n=ansible | ok: [worker1]
2026-02-14 18:21:17,815 p=118983 u=lzy n=ansible | ok: [master3]
2026-02-14 18:21:17,832 p=118983 u=lzy n=ansible | ok: [worker2]
2026-02-14 18:21:23,603 p=118983 u=lzy n=ansible | ok: [worker3]
2026-02-14 18:21:23,607 p=118983 u=lzy n=ansible | TASK [common : Modprobe kernel modules] ************************************************************************************************************************
2026-02-14 18:21:29,552 p=118983 u=lzy n=ansible | ok: [master1] => (item=overlay)
2026-02-14 18:21:29,607 p=118983 u=lzy n=ansible | ok: [master2] => (item=overlay)
2026-02-14 18:21:29,683 p=118983 u=lzy n=ansible | ok: [master3] => (item=overlay)
2026-02-14 18:21:29,688 p=118983 u=lzy n=ansible | ok: [worker1] => (item=overlay)
2026-02-14 18:21:29,700 p=118983 u=lzy n=ansible | ok: [worker2] => (item=overlay)
2026-02-14 18:21:35,149 p=118983 u=lzy n=ansible | ok: [master1] => (item=br_netfilter)
2026-02-14 18:21:35,278 p=118983 u=lzy n=ansible | ok: [master2] => (item=br_netfilter)
2026-02-14 18:21:35,447 p=118983 u=lzy n=ansible | ok: [master3] => (item=br_netfilter)
2026-02-14 18:21:35,448 p=118983 u=lzy n=ansible | ok: [worker2] => (item=br_netfilter)
2026-02-14 18:21:35,458 p=118983 u=lzy n=ansible | ok: [worker1] => (item=br_netfilter)
2026-02-14 18:21:41,356 p=118983 u=lzy n=ansible | ok: [worker3] => (item=overlay)
2026-02-14 18:21:48,107 p=118983 u=lzy n=ansible | ok: [worker3] => (item=br_netfilter)
2026-02-14 18:21:48,113 p=118983 u=lzy n=ansible | TASK [common : Configure sysctl params for Kubernetes] *********************************************************************************************************
2026-02-14 18:21:54,111 p=118983 u=lzy n=ansible | ok: [master2] => (item={'key': 'net.bridge.bridge-nf-call-iptables', 'value': '1'})
2026-02-14 18:21:54,183 p=118983 u=lzy n=ansible | ok: [master3] => (item={'key': 'net.bridge.bridge-nf-call-iptables', 'value': '1'})
2026-02-14 18:21:54,210 p=118983 u=lzy n=ansible | ok: [worker2] => (item={'key': 'net.bridge.bridge-nf-call-iptables', 'value': '1'})
2026-02-14 18:21:55,195 p=118983 u=lzy n=ansible | ok: [worker1] => (item={'key': 'net.bridge.bridge-nf-call-iptables', 'value': '1'})
2026-02-14 18:21:55,366 p=118983 u=lzy n=ansible | ok: [master1] => (item={'key': 'net.bridge.bridge-nf-call-iptables', 'value': '1'})
2026-02-14 18:21:59,806 p=118983 u=lzy n=ansible | ok: [master2] => (item={'key': 'net.ipv4.ip_forward', 'value': '1'})
2026-02-14 18:21:59,973 p=118983 u=lzy n=ansible | ok: [master3] => (item={'key': 'net.ipv4.ip_forward', 'value': '1'})
2026-02-14 18:21:59,990 p=118983 u=lzy n=ansible | ok: [worker2] => (item={'key': 'net.ipv4.ip_forward', 'value': '1'})
2026-02-14 18:22:01,241 p=118983 u=lzy n=ansible | ok: [worker1] => (item={'key': 'net.ipv4.ip_forward', 'value': '1'})
2026-02-14 18:22:02,589 p=118983 u=lzy n=ansible | ok: [master1] => (item={'key': 'net.ipv4.ip_forward', 'value': '1'})
2026-02-14 18:22:05,487 p=118983 u=lzy n=ansible | ok: [master2] => (item={'key': 'net.bridge.bridge-nf-call-ip6tables', 'value': '1'})
2026-02-14 18:22:05,747 p=118983 u=lzy n=ansible | ok: [master3] => (item={'key': 'net.bridge.bridge-nf-call-ip6tables', 'value': '1'})
2026-02-14 18:22:05,789 p=118983 u=lzy n=ansible | ok: [worker2] => (item={'key': 'net.bridge.bridge-nf-call-ip6tables', 'value': '1'})
2026-02-14 18:22:08,052 p=118983 u=lzy n=ansible | ok: [worker1] => (item={'key': 'net.bridge.bridge-nf-call-ip6tables', 'value': '1'})
2026-02-14 18:22:09,832 p=118983 u=lzy n=ansible | ok: [master1] => (item={'key': 'net.bridge.bridge-nf-call-ip6tables', 'value': '1'})
2026-02-14 18:22:12,228 p=118983 u=lzy n=ansible | ok: [worker3] => (item={'key': 'net.bridge.bridge-nf-call-iptables', 'value': '1'})
2026-02-14 18:22:18,740 p=118983 u=lzy n=ansible | ok: [worker3] => (item={'key': 'net.ipv4.ip_forward', 'value': '1'})
2026-02-14 18:22:26,270 p=118983 u=lzy n=ansible | ok: [worker3] => (item={'key': 'net.bridge.bridge-nf-call-ip6tables', 'value': '1'})
2026-02-14 18:22:26,275 p=118983 u=lzy n=ansible | TASK [common : Install dependencies (Debian/Ubuntu)] ***********************************************************************************************************
2026-02-14 18:22:42,281 p=118983 u=lzy n=ansible | ok: [worker2]
2026-02-14 18:22:42,287 p=118983 u=lzy n=ansible | ok: [worker1]
2026-02-14 18:22:42,384 p=118983 u=lzy n=ansible | ok: [master2]
2026-02-14 18:22:42,415 p=118983 u=lzy n=ansible | ok: [master3]
2026-02-14 18:22:43,694 p=118983 u=lzy n=ansible | ok: [master1]
2026-02-14 18:23:00,038 p=118983 u=lzy n=ansible | ok: [worker3]
2026-02-14 18:23:00,043 p=118983 u=lzy n=ansible | TASK [common : Install dependencies (RHEL/CentOS)] *************************************************************************************************************
2026-02-14 18:23:00,069 p=118983 u=lzy n=ansible | skipping: [master1]
2026-02-14 18:23:00,078 p=118983 u=lzy n=ansible | skipping: [master2]
2026-02-14 18:23:00,090 p=118983 u=lzy n=ansible | skipping: [master3]
2026-02-14 18:23:00,100 p=118983 u=lzy n=ansible | skipping: [worker1]
2026-02-14 18:23:00,100 p=118983 u=lzy n=ansible | skipping: [worker2]
2026-02-14 18:23:00,110 p=118983 u=lzy n=ansible | skipping: [worker3]
2026-02-14 18:23:00,127 p=118983 u=lzy n=ansible | TASK [container_runtime : Ensure keyrings directory exists] ****************************************************************************************************
2026-02-14 18:23:06,104 p=118983 u=lzy n=ansible | ok: [master2]
2026-02-14 18:23:06,233 p=118983 u=lzy n=ansible | ok: [master3]
2026-02-14 18:23:06,236 p=118983 u=lzy n=ansible | ok: [worker1]
2026-02-14 18:23:06,241 p=118983 u=lzy n=ansible | ok: [worker2]
2026-02-14 18:23:06,784 p=118983 u=lzy n=ansible | ok: [master1]
2026-02-14 18:23:13,811 p=118983 u=lzy n=ansible | ok: [worker3]
2026-02-14 18:23:13,817 p=118983 u=lzy n=ansible | TASK [container_runtime : Download Docker public signing key] **************************************************************************************************
2026-02-14 18:23:20,283 p=118983 u=lzy n=ansible | ok: [master1]
2026-02-14 18:23:20,286 p=118983 u=lzy n=ansible | ok: [master2]
2026-02-14 18:23:20,356 p=118983 u=lzy n=ansible | ok: [worker1]
2026-02-14 18:23:20,373 p=118983 u=lzy n=ansible | ok: [master3]
2026-02-14 18:23:20,398 p=118983 u=lzy n=ansible | ok: [worker2]
2026-02-14 18:23:27,692 p=118983 u=lzy n=ansible | ok: [worker3]
2026-02-14 18:23:27,695 p=118983 u=lzy n=ansible | TASK [container_runtime : Add Docker Repository] ***************************************************************************************************************
2026-02-14 18:23:39,801 p=118983 u=lzy n=ansible | changed: [master2]
2026-02-14 18:23:39,835 p=118983 u=lzy n=ansible | changed: [worker1]
2026-02-14 18:23:39,867 p=118983 u=lzy n=ansible | changed: [master3]
2026-02-14 18:23:39,872 p=118983 u=lzy n=ansible | changed: [worker2]
2026-02-14 18:23:40,223 p=118983 u=lzy n=ansible | changed: [master1]
2026-02-14 18:23:52,476 p=118983 u=lzy n=ansible | changed: [worker3]
2026-02-14 18:23:52,480 p=118983 u=lzy n=ansible | TASK [container_runtime : Add Docker Repository] ***************************************************************************************************************
2026-02-14 18:23:52,493 p=118983 u=lzy n=ansible | skipping: [master1]
2026-02-14 18:23:52,511 p=118983 u=lzy n=ansible | skipping: [master2]
2026-02-14 18:23:52,526 p=118983 u=lzy n=ansible | skipping: [master3]
2026-02-14 18:23:52,539 p=118983 u=lzy n=ansible | skipping: [worker1]
2026-02-14 18:23:52,541 p=118983 u=lzy n=ansible | skipping: [worker2]
2026-02-14 18:23:52,545 p=118983 u=lzy n=ansible | skipping: [worker3]
2026-02-14 18:23:52,552 p=118983 u=lzy n=ansible | TASK [container_runtime : Install containerd] ******************************************************************************************************************
2026-02-14 18:23:59,586 p=118983 u=lzy n=ansible | ok: [master2]
2026-02-14 18:23:59,691 p=118983 u=lzy n=ansible | ok: [master3]
2026-02-14 18:23:59,727 p=118983 u=lzy n=ansible | ok: [worker1]
2026-02-14 18:23:59,728 p=118983 u=lzy n=ansible | ok: [worker2]
2026-02-14 18:23:59,761 p=118983 u=lzy n=ansible | ok: [master1]
2026-02-14 18:24:06,658 p=118983 u=lzy n=ansible | ok: [worker3]
2026-02-14 18:24:06,661 p=118983 u=lzy n=ansible | TASK [container_runtime : Create containerd config directory] **************************************************************************************************
2026-02-14 18:24:12,655 p=118983 u=lzy n=ansible | ok: [master2]
2026-02-14 18:24:12,736 p=118983 u=lzy n=ansible | ok: [worker1]
2026-02-14 18:24:12,738 p=118983 u=lzy n=ansible | ok: [master3]
2026-02-14 18:24:12,751 p=118983 u=lzy n=ansible | ok: [worker2]
2026-02-14 18:24:12,801 p=118983 u=lzy n=ansible | ok: [master1]
2026-02-14 18:24:18,906 p=118983 u=lzy n=ansible | ok: [worker3]
2026-02-14 18:24:18,910 p=118983 u=lzy n=ansible | TASK [container_runtime : Generate default containerd config] **************************************************************************************************
2026-02-14 18:24:24,985 p=118983 u=lzy n=ansible | changed: [master2]
2026-02-14 18:24:25,059 p=118983 u=lzy n=ansible | changed: [master3]
2026-02-14 18:24:25,060 p=118983 u=lzy n=ansible | changed: [worker1]
2026-02-14 18:24:25,093 p=118983 u=lzy n=ansible | changed: [worker2]
2026-02-14 18:24:25,144 p=118983 u=lzy n=ansible | changed: [master1]
2026-02-14 18:24:31,070 p=118983 u=lzy n=ansible | changed: [worker3]
2026-02-14 18:24:31,076 p=118983 u=lzy n=ansible | TASK [container_runtime : Enable CRI plugin in containerd] *****************************************************************************************************
2026-02-14 18:24:37,090 p=118983 u=lzy n=ansible | ok: [master2]
2026-02-14 18:24:37,151 p=118983 u=lzy n=ansible | ok: [master3]
2026-02-14 18:24:37,189 p=118983 u=lzy n=ansible | ok: [worker2]
2026-02-14 18:24:37,202 p=118983 u=lzy n=ansible | ok: [worker1]
2026-02-14 18:24:37,212 p=118983 u=lzy n=ansible | ok: [master1]
2026-02-14 18:24:43,044 p=118983 u=lzy n=ansible | ok: [worker3]
2026-02-14 18:24:43,051 p=118983 u=lzy n=ansible | TASK [container_runtime : Configure SystemdCgroup in config.toml] **********************************************************************************************
2026-02-14 18:24:49,023 p=118983 u=lzy n=ansible | changed: [master2]
2026-02-14 18:24:49,152 p=118983 u=lzy n=ansible | changed: [master3]
2026-02-14 18:24:49,174 p=118983 u=lzy n=ansible | changed: [worker2]
2026-02-14 18:24:49,177 p=118983 u=lzy n=ansible | changed: [worker1]
2026-02-14 18:24:49,199 p=118983 u=lzy n=ansible | changed: [master1]
2026-02-14 18:24:54,973 p=118983 u=lzy n=ansible | changed: [worker3]
2026-02-14 18:24:54,986 p=118983 u=lzy n=ansible | TASK [container_runtime : Ensure containerd is started and enabled] ********************************************************************************************
2026-02-14 18:25:02,572 p=118983 u=lzy n=ansible | ok: [master2]
2026-02-14 18:25:02,668 p=118983 u=lzy n=ansible | ok: [master1]
2026-02-14 18:25:02,875 p=118983 u=lzy n=ansible | ok: [worker1]
2026-02-14 18:25:03,294 p=118983 u=lzy n=ansible | ok: [worker2]
2026-02-14 18:25:03,453 p=118983 u=lzy n=ansible | ok: [master3]
2026-02-14 18:25:09,548 p=118983 u=lzy n=ansible | ok: [worker3]
2026-02-14 18:25:09,594 p=118983 u=lzy n=ansible | TASK [kubernetes : Ensure keyrings directory exists] ***********************************************************************************************************
2026-02-14 18:25:15,516 p=118983 u=lzy n=ansible | ok: [master1]
2026-02-14 18:25:15,587 p=118983 u=lzy n=ansible | ok: [master2]
2026-02-14 18:25:15,687 p=118983 u=lzy n=ansible | ok: [master3]
2026-02-14 18:25:15,691 p=118983 u=lzy n=ansible | ok: [worker1]
2026-02-14 18:25:15,730 p=118983 u=lzy n=ansible | ok: [worker2]
2026-02-14 18:25:21,474 p=118983 u=lzy n=ansible | ok: [worker3]
2026-02-14 18:25:21,478 p=118983 u=lzy n=ansible | TASK [kubernetes : Download Kubernetes public signing key] *****************************************************************************************************
2026-02-14 18:25:27,853 p=118983 u=lzy n=ansible | ok: [master1]
2026-02-14 18:25:27,899 p=118983 u=lzy n=ansible | ok: [master2]
2026-02-14 18:25:28,008 p=118983 u=lzy n=ansible | ok: [master3]
2026-02-14 18:25:28,015 p=118983 u=lzy n=ansible | ok: [worker1]
2026-02-14 18:25:28,048 p=118983 u=lzy n=ansible | ok: [worker2]
2026-02-14 18:25:35,224 p=118983 u=lzy n=ansible | ok: [worker3]
2026-02-14 18:25:35,231 p=118983 u=lzy n=ansible | TASK [kubernetes : Add Kubernetes apt repository] **************************************************************************************************************
2026-02-14 18:25:47,322 p=118983 u=lzy n=ansible | changed: [master1]
2026-02-14 18:25:47,347 p=118983 u=lzy n=ansible | changed: [worker1]
2026-02-14 18:25:47,364 p=118983 u=lzy n=ansible | changed: [master2]
2026-02-14 18:25:47,384 p=118983 u=lzy n=ansible | changed: [master3]
2026-02-14 18:25:47,595 p=118983 u=lzy n=ansible | changed: [worker2]
2026-02-14 18:25:59,677 p=118983 u=lzy n=ansible | changed: [worker3]
2026-02-14 18:25:59,684 p=118983 u=lzy n=ansible | TASK [kubernetes : Install Kubernetes binaries] ****************************************************************************************************************
2026-02-14 18:26:08,016 p=118983 u=lzy n=ansible | ok: [master1]
2026-02-14 18:26:08,087 p=118983 u=lzy n=ansible | ok: [master2]
2026-02-14 18:26:08,185 p=118983 u=lzy n=ansible | ok: [master3]
2026-02-14 18:26:08,189 p=118983 u=lzy n=ansible | ok: [worker2]
2026-02-14 18:26:08,316 p=118983 u=lzy n=ansible | ok: [worker1]
2026-02-14 18:26:16,735 p=118983 u=lzy n=ansible | ok: [worker3]
2026-02-14 18:26:16,738 p=118983 u=lzy n=ansible | TASK [kubernetes : Hold Kubernetes binaries] *******************************************************************************************************************
2026-02-14 18:26:22,686 p=118983 u=lzy n=ansible | ok: [master1] => (item=kubelet)
2026-02-14 18:26:22,730 p=118983 u=lzy n=ansible | ok: [master2] => (item=kubelet)
2026-02-14 18:26:22,809 p=118983 u=lzy n=ansible | ok: [master3] => (item=kubelet)
2026-02-14 18:26:22,827 p=118983 u=lzy n=ansible | ok: [worker1] => (item=kubelet)
2026-02-14 18:26:22,827 p=118983 u=lzy n=ansible | ok: [worker2] => (item=kubelet)
2026-02-14 18:26:28,301 p=118983 u=lzy n=ansible | ok: [master1] => (item=kubeadm)
2026-02-14 18:26:28,460 p=118983 u=lzy n=ansible | ok: [master2] => (item=kubeadm)
2026-02-14 18:26:28,587 p=118983 u=lzy n=ansible | ok: [master3] => (item=kubeadm)
2026-02-14 18:26:28,626 p=118983 u=lzy n=ansible | ok: [worker2] => (item=kubeadm)
2026-02-14 18:26:28,626 p=118983 u=lzy n=ansible | ok: [worker1] => (item=kubeadm)
2026-02-14 18:26:33,916 p=118983 u=lzy n=ansible | ok: [master1] => (item=kubectl)
2026-02-14 18:26:34,172 p=118983 u=lzy n=ansible | ok: [master2] => (item=kubectl)
2026-02-14 18:26:34,367 p=118983 u=lzy n=ansible | ok: [master3] => (item=kubectl)
2026-02-14 18:26:34,414 p=118983 u=lzy n=ansible | ok: [worker1] => (item=kubectl)
2026-02-14 18:26:34,418 p=118983 u=lzy n=ansible | ok: [worker2] => (item=kubectl)
2026-02-14 18:26:39,888 p=118983 u=lzy n=ansible | ok: [worker3] => (item=kubelet)
2026-02-14 18:26:45,567 p=118983 u=lzy n=ansible | ok: [worker3] => (item=kubeadm)
2026-02-14 18:26:51,267 p=118983 u=lzy n=ansible | ok: [worker3] => (item=kubectl)
2026-02-14 18:26:51,273 p=118983 u=lzy n=ansible | TASK [kubernetes : Add Kubernetes yum repository] **************************************************************************************************************
2026-02-14 18:26:51,297 p=118983 u=lzy n=ansible | skipping: [master1]
2026-02-14 18:26:51,316 p=118983 u=lzy n=ansible | skipping: [master2]
2026-02-14 18:26:51,327 p=118983 u=lzy n=ansible | skipping: [master3]
2026-02-14 18:26:51,339 p=118983 u=lzy n=ansible | skipping: [worker1]
2026-02-14 18:26:51,339 p=118983 u=lzy n=ansible | skipping: [worker2]
2026-02-14 18:26:51,350 p=118983 u=lzy n=ansible | skipping: [worker3]
2026-02-14 18:26:51,354 p=118983 u=lzy n=ansible | TASK [kubernetes : Install Kubernetes binaries] ****************************************************************************************************************
2026-02-14 18:26:51,376 p=118983 u=lzy n=ansible | skipping: [master1]
2026-02-14 18:26:51,386 p=118983 u=lzy n=ansible | skipping: [master2]
2026-02-14 18:26:51,394 p=118983 u=lzy n=ansible | skipping: [master3]
2026-02-14 18:26:51,403 p=118983 u=lzy n=ansible | skipping: [worker1]
2026-02-14 18:26:51,408 p=118983 u=lzy n=ansible | skipping: [worker2]
2026-02-14 18:26:51,409 p=118983 u=lzy n=ansible | skipping: [worker3]
2026-02-14 18:26:51,413 p=118983 u=lzy n=ansible | TASK [kubernetes : Enable kubelet] *****************************************************************************************************************************
2026-02-14 18:26:51,434 p=118983 u=lzy n=ansible | skipping: [master1]
2026-02-14 18:26:51,445 p=118983 u=lzy n=ansible | skipping: [master2]
2026-02-14 18:26:51,455 p=118983 u=lzy n=ansible | skipping: [master3]
2026-02-14 18:26:51,464 p=118983 u=lzy n=ansible | skipping: [worker1]
2026-02-14 18:26:51,466 p=118983 u=lzy n=ansible | skipping: [worker2]
2026-02-14 18:26:51,471 p=118983 u=lzy n=ansible | skipping: [worker3]
2026-02-14 18:26:51,474 p=118983 u=lzy n=ansible | TASK [kubernetes : Enable kubelet] *****************************************************************************************************************************
2026-02-14 18:26:58,290 p=118983 u=lzy n=ansible | ok: [master1]
2026-02-14 18:26:58,301 p=118983 u=lzy n=ansible | ok: [master3]
2026-02-14 18:26:58,302 p=118983 u=lzy n=ansible | ok: [worker1]
2026-02-14 18:26:58,388 p=118983 u=lzy n=ansible | ok: [master2]
2026-02-14 18:26:58,551 p=118983 u=lzy n=ansible | ok: [worker2]
2026-02-14 18:27:05,058 p=118983 u=lzy n=ansible | ok: [worker3]
2026-02-14 18:27:05,091 p=118983 u=lzy n=ansible | RUNNING HANDLER [container_runtime : Restart containerd] *******************************************************************************************************
2026-02-14 18:27:11,901 p=118983 u=lzy n=ansible | changed: [master2]
2026-02-14 18:27:11,902 p=118983 u=lzy n=ansible | changed: [master1]
2026-02-14 18:27:12,006 p=118983 u=lzy n=ansible | changed: [master3]
2026-02-14 18:27:12,027 p=118983 u=lzy n=ansible | changed: [worker2]
2026-02-14 18:27:12,028 p=118983 u=lzy n=ansible | changed: [worker1]
2026-02-14 18:27:18,687 p=118983 u=lzy n=ansible | changed: [worker3]
2026-02-14 18:27:18,690 p=118983 u=lzy n=ansible | PLAY [masters] *************************************************************************************************************************************************
2026-02-14 18:27:18,696 p=118983 u=lzy n=ansible | TASK [Gathering Facts] *****************************************************************************************************************************************
2026-02-14 18:27:25,881 p=118983 u=lzy n=ansible | ok: [master1]
2026-02-14 18:27:25,951 p=118983 u=lzy n=ansible | ok: [master2]
2026-02-14 18:27:27,034 p=118983 u=lzy n=ansible | ok: [master3]
2026-02-14 18:27:27,037 p=118983 u=lzy n=ansible | TASK [master : Check if Kubernetes is already initialized] *****************************************************************************************************
2026-02-14 18:27:33,003 p=118983 u=lzy n=ansible | ok: [master1]
2026-02-14 18:27:33,098 p=118983 u=lzy n=ansible | ok: [master2]
2026-02-14 18:27:33,202 p=118983 u=lzy n=ansible | ok: [master3]
2026-02-14 18:27:33,209 p=118983 u=lzy n=ansible | TASK [master : Initialize Kubernetes Master] *******************************************************************************************************************
2026-02-14 18:27:33,235 p=118983 u=lzy n=ansible | skipping: [master2]
2026-02-14 18:27:33,238 p=118983 u=lzy n=ansible | skipping: [master3]
2026-02-14 18:27:55,804 p=118983 u=lzy n=ansible | changed: [master1]
2026-02-14 18:27:55,808 p=118983 u=lzy n=ansible | TASK [master : Create .kube directory] *************************************************************************************************************************
2026-02-14 18:28:01,908 p=118983 u=lzy n=ansible | changed: [master1]
2026-02-14 18:28:01,917 p=118983 u=lzy n=ansible | changed: [master2]
2026-02-14 18:28:02,116 p=118983 u=lzy n=ansible | changed: [master3]
2026-02-14 18:28:02,123 p=118983 u=lzy n=ansible | TASK [master : Copy admin.conf to user's kube config] **********************************************************************************************************
2026-02-14 18:28:07,942 p=118983 u=lzy n=ansible | fatal: [master2]: FAILED! => {"changed": false, "msg": "Source /etc/kubernetes/admin.conf not found"}
2026-02-14 18:28:07,978 p=118983 u=lzy n=ansible | fatal: [master3]: FAILED! => {"changed": false, "msg": "Source /etc/kubernetes/admin.conf not found"}
2026-02-14 18:28:08,151 p=118983 u=lzy n=ansible | changed: [master1]
2026-02-14 18:28:08,154 p=118983 u=lzy n=ansible | TASK [master : Install Calico CNI] *****************************************************************************************************************************
2026-02-14 18:28:16,363 p=118983 u=lzy n=ansible | changed: [master1]
2026-02-14 18:28:16,368 p=118983 u=lzy n=ansible | TASK [master : Get certificate key for master joins] ***********************************************************************************************************
2026-02-14 18:29:30,526 p=118983 u=lzy n=ansible | changed: [master1]
2026-02-14 18:29:30,531 p=118983 u=lzy n=ansible | TASK [master : Get join command] *******************************************************************************************************************************
2026-02-14 18:29:41,608 p=118983 u=lzy n=ansible | changed: [master1]
2026-02-14 18:29:41,616 p=118983 u=lzy n=ansible | TASK [master : Set join facts] *********************************************************************************************************************************
2026-02-14 18:29:41,632 p=118983 u=lzy n=ansible | ok: [master1]
2026-02-14 18:29:41,636 p=118983 u=lzy n=ansible | TASK [master : Store join commands in dummy host] **************************************************************************************************************
2026-02-14 18:29:41,652 p=118983 u=lzy n=ansible | changed: [master1]
2026-02-14 18:29:41,655 p=118983 u=lzy n=ansible | TASK [master : Join secondary masters to cluster] **************************************************************************************************************
2026-02-14 18:29:41,667 p=118983 u=lzy n=ansible | skipping: [master1]
2026-02-14 18:29:41,672 p=118983 u=lzy n=ansible | PLAY [workers] *************************************************************************************************************************************************
2026-02-14 18:29:41,676 p=118983 u=lzy n=ansible | TASK [Gathering Facts] *****************************************************************************************************************************************
2026-02-14 18:29:51,848 p=118983 u=lzy n=ansible | ok: [worker3]
2026-02-14 18:29:51,934 p=118983 u=lzy n=ansible | ok: [worker1]
2026-02-14 18:29:52,065 p=118983 u=lzy n=ansible | ok: [worker2]
2026-02-14 18:29:52,070 p=118983 u=lzy n=ansible | TASK [worker : Check if node is already joined] ****************************************************************************************************************
2026-02-14 18:29:57,782 p=118983 u=lzy n=ansible | ok: [worker3]
2026-02-14 18:29:58,079 p=118983 u=lzy n=ansible | ok: [worker1]
2026-02-14 18:29:58,127 p=118983 u=lzy n=ansible | ok: [worker2]
2026-02-14 18:29:58,130 p=118983 u=lzy n=ansible | TASK [worker : Join the node to cluster] ***********************************************************************************************************************
2026-02-14 18:30:08,719 p=118983 u=lzy n=ansible | changed: [worker2]
2026-02-14 18:30:08,744 p=118983 u=lzy n=ansible | changed: [worker3]
2026-02-14 18:30:09,086 p=118983 u=lzy n=ansible | changed: [worker1]
2026-02-14 18:30:09,094 p=118983 u=lzy n=ansible | PLAY RECAP *****************************************************************************************************************************************************
2026-02-14 18:30:09,094 p=118983 u=lzy n=ansible | master1                    : ok=39   changed=15   unreachable=0    failed=0    skipped=7    rescued=0    ignored=0   
2026-02-14 18:30:09,095 p=118983 u=lzy n=ansible | master2                    : ok=32   changed=9    unreachable=0    failed=1    skipped=7    rescued=0    ignored=0   
2026-02-14 18:30:09,095 p=118983 u=lzy n=ansible | master3                    : ok=32   changed=9    unreachable=0    failed=1    skipped=7    rescued=0    ignored=0   
2026-02-14 18:30:09,095 p=118983 u=lzy n=ansible | worker1                    : ok=32   changed=9    unreachable=0    failed=0    skipped=6    rescued=0    ignored=0   
2026-02-14 18:30:09,095 p=118983 u=lzy n=ansible | worker2                    : ok=32   changed=9    unreachable=0    failed=0    skipped=6    rescued=0    ignored=0   
2026-02-14 18:30:09,095 p=118983 u=lzy n=ansible | worker3                    : ok=32   changed=9    unreachable=0    failed=0    skipped=6    rescued=0    ignored=0   
2026-02-14 18:31:39,252 p=131122 u=lzy n=ansible | PLAY [all] *****************************************************************************************************************************************************
2026-02-14 18:31:39,256 p=131122 u=lzy n=ansible | TASK [Gathering Facts] *****************************************************************************************************************************************
2026-02-14 18:31:50,699 p=131122 u=lzy n=ansible | [WARNING]: Platform linux on host worker1 is using the discovered Python interpreter at /usr/bin/python3.12, but future installation of another Python
interpreter could change the meaning of that path. See https://docs.ansible.com/ansible-core/2.17/reference_appendices/interpreter_discovery.html for more
information.

2026-02-14 18:31:50,700 p=131122 u=lzy n=ansible | ok: [worker1]
2026-02-14 18:31:50,766 p=131122 u=lzy n=ansible | [WARNING]: Platform linux on host master3 is using the discovered Python interpreter at /usr/bin/python3.12, but future installation of another Python
interpreter could change the meaning of that path. See https://docs.ansible.com/ansible-core/2.17/reference_appendices/interpreter_discovery.html for more
information.

2026-02-14 18:31:50,766 p=131122 u=lzy n=ansible | ok: [master3]
2026-02-14 18:31:50,820 p=131122 u=lzy n=ansible | [WARNING]: Platform linux on host master2 is using the discovered Python interpreter at /usr/bin/python3.12, but future installation of another Python
interpreter could change the meaning of that path. See https://docs.ansible.com/ansible-core/2.17/reference_appendices/interpreter_discovery.html for more
information.

2026-02-14 18:31:50,820 p=131122 u=lzy n=ansible | ok: [master2]
2026-02-14 18:31:50,828 p=131122 u=lzy n=ansible | [WARNING]: Platform linux on host worker2 is using the discovered Python interpreter at /usr/bin/python3.12, but future installation of another Python
interpreter could change the meaning of that path. See https://docs.ansible.com/ansible-core/2.17/reference_appendices/interpreter_discovery.html for more
information.

2026-02-14 18:31:50,828 p=131122 u=lzy n=ansible | ok: [worker2]
2026-02-14 18:31:51,182 p=131122 u=lzy n=ansible | [WARNING]: Platform linux on host master1 is using the discovered Python interpreter at /usr/bin/python3.12, but future installation of another Python
interpreter could change the meaning of that path. See https://docs.ansible.com/ansible-core/2.17/reference_appendices/interpreter_discovery.html for more
information.

2026-02-14 18:31:51,182 p=131122 u=lzy n=ansible | ok: [master1]
2026-02-14 18:32:04,786 p=131122 u=lzy n=ansible | [WARNING]: Platform linux on host worker3 is using the discovered Python interpreter at /usr/bin/python3.12, but future installation of another Python
interpreter could change the meaning of that path. See https://docs.ansible.com/ansible-core/2.17/reference_appendices/interpreter_discovery.html for more
information.

2026-02-14 18:32:04,786 p=131122 u=lzy n=ansible | ok: [worker3]
2026-02-14 18:32:04,787 p=131122 u=lzy n=ansible | PLAY [masters] *************************************************************************************************************************************************
2026-02-14 18:32:04,792 p=131122 u=lzy n=ansible | TASK [Gathering Facts] *****************************************************************************************************************************************
2026-02-14 18:32:12,007 p=131122 u=lzy n=ansible | ok: [master3]
2026-02-14 18:32:12,495 p=131122 u=lzy n=ansible | ok: [master1]
2026-02-14 18:32:13,950 p=131122 u=lzy n=ansible | ok: [master2]
2026-02-14 18:32:13,953 p=131122 u=lzy n=ansible | TASK [master : Check if Kubernetes is already initialized] *****************************************************************************************************
2026-02-14 18:32:20,064 p=131122 u=lzy n=ansible | ok: [master3]
2026-02-14 18:32:20,153 p=131122 u=lzy n=ansible | ok: [master1]
2026-02-14 18:32:20,539 p=131122 u=lzy n=ansible | ok: [master2]
2026-02-14 18:32:20,543 p=131122 u=lzy n=ansible | TASK [master : Initialize Kubernetes Master] *******************************************************************************************************************
2026-02-14 18:32:20,564 p=131122 u=lzy n=ansible | skipping: [master1]
2026-02-14 18:32:20,565 p=131122 u=lzy n=ansible | skipping: [master2]
2026-02-14 18:32:20,571 p=131122 u=lzy n=ansible | skipping: [master3]
2026-02-14 18:32:20,574 p=131122 u=lzy n=ansible | TASK [master : Get certificate key for master joins] ***********************************************************************************************************
2026-02-14 18:32:26,952 p=131122 u=lzy n=ansible | changed: [master1]
2026-02-14 18:32:26,957 p=131122 u=lzy n=ansible | TASK [master : Get join command] *******************************************************************************************************************************
2026-02-14 18:32:33,107 p=131122 u=lzy n=ansible | changed: [master1]
2026-02-14 18:32:33,110 p=131122 u=lzy n=ansible | TASK [master : Set join facts] *********************************************************************************************************************************
2026-02-14 18:32:33,124 p=131122 u=lzy n=ansible | ok: [master1]
2026-02-14 18:32:33,128 p=131122 u=lzy n=ansible | TASK [master : Store join commands in dummy host] **************************************************************************************************************
2026-02-14 18:32:33,142 p=131122 u=lzy n=ansible | changed: [master1]
2026-02-14 18:32:33,145 p=131122 u=lzy n=ansible | TASK [master : Join secondary masters to cluster] **************************************************************************************************************
2026-02-14 18:32:33,163 p=131122 u=lzy n=ansible | skipping: [master1]
2026-02-14 18:33:14,492 p=131122 u=lzy n=ansible | changed: [master2]
2026-02-14 18:33:20,651 p=131122 u=lzy n=ansible | changed: [master3]
2026-02-14 18:33:20,656 p=131122 u=lzy n=ansible | TASK [master : Create .kube directory] *************************************************************************************************************************
2026-02-14 18:33:26,922 p=131122 u=lzy n=ansible | ok: [master1]
2026-02-14 18:33:27,120 p=131122 u=lzy n=ansible | ok: [master2]
2026-02-14 18:33:27,234 p=131122 u=lzy n=ansible | ok: [master3]
2026-02-14 18:33:27,239 p=131122 u=lzy n=ansible | TASK [master : Copy admin.conf to user's kube config] **********************************************************************************************************
2026-02-14 18:33:33,172 p=131122 u=lzy n=ansible | ok: [master1]
2026-02-14 18:33:33,411 p=131122 u=lzy n=ansible | changed: [master2]
2026-02-14 18:33:33,607 p=131122 u=lzy n=ansible | changed: [master3]
2026-02-14 18:33:33,612 p=131122 u=lzy n=ansible | TASK [master : Install Calico CNI] *****************************************************************************************************************************
2026-02-14 18:33:33,636 p=131122 u=lzy n=ansible | skipping: [master1]
2026-02-14 18:33:33,636 p=131122 u=lzy n=ansible | skipping: [master2]
2026-02-14 18:33:33,653 p=131122 u=lzy n=ansible | skipping: [master3]
2026-02-14 18:33:33,662 p=131122 u=lzy n=ansible | PLAY [workers] *************************************************************************************************************************************************
2026-02-14 18:33:33,666 p=131122 u=lzy n=ansible | TASK [Gathering Facts] *****************************************************************************************************************************************
2026-02-14 18:33:44,061 p=131122 u=lzy n=ansible | ok: [worker2]
2026-02-14 18:33:44,108 p=131122 u=lzy n=ansible | ok: [worker1]
2026-02-14 18:33:44,197 p=131122 u=lzy n=ansible | ok: [worker3]
2026-02-14 18:33:44,198 p=131122 u=lzy n=ansible | PLAY RECAP *****************************************************************************************************************************************************
2026-02-14 18:33:44,198 p=131122 u=lzy n=ansible | master1                    : ok=9    changed=3    unreachable=0    failed=0    skipped=3    rescued=0    ignored=0   
2026-02-14 18:33:44,199 p=131122 u=lzy n=ansible | master2                    : ok=6    changed=2    unreachable=0    failed=0    skipped=2    rescued=0    ignored=0   
2026-02-14 18:33:44,199 p=131122 u=lzy n=ansible | master3                    : ok=6    changed=2    unreachable=0    failed=0    skipped=2    rescued=0    ignored=0   
2026-02-14 18:33:44,199 p=131122 u=lzy n=ansible | worker1                    : ok=2    changed=0    unreachable=0    failed=0    skipped=0    rescued=0    ignored=0   
2026-02-14 18:33:44,199 p=131122 u=lzy n=ansible | worker2                    : ok=2    changed=0    unreachable=0    failed=0    skipped=0    rescued=0    ignored=0   
2026-02-14 18:33:44,199 p=131122 u=lzy n=ansible | worker3                    : ok=2    changed=0    unreachable=0    failed=0    skipped=0    rescued=0    ignored=0   
